-- phpMyAdmin SQL Dump
-- version 5.2.0
-- https://www.phpmyadmin.net/
--
-- Host: 127.0.0.1
-- Generation Time: Dec 02, 2022 at 09:59 AM
-- Server version: 10.4.25-MariaDB
-- PHP Version: 7.4.30

SET SQL_MODE = "NO_AUTO_VALUE_ON_ZERO"; START TRANSACTION;
SET time_zone = "+00:00"; /*!40101
SET @OLD_CHARACTER_SET_CLIENT = @@CHARACTER_SET_CLIENT */; /*!40101
SET @OLD_CHARACTER_SET_RESULTS = @@CHARACTER_SET_RESULTS */; /*!40101
SET @OLD_COLLATION_CONNECTION = @@COLLATION_CONNECTION */; /*!40101
SET NAMES utf8mb4 */;
--
-- Database: `c_cooperation`
--
-- --------------------------------------------------------
--
-- TABLE structure for TABLE `chat_message`
--

CREATE TABLE `chat_message` ( `cm_id` int (11) NOT NULL, `cm_room_id` int (11) NOT NULL, `cm_user_id` int (11) NOT NULL, `cm_message` varchar (255) NOT NULL ) ENGINE = InnoDB DEFAULT CHARSET = utf8;
--
-- Dumping data for TABLE `chat_message`
--
INSERT INTO `chat_message` (` cm_id`, `cm_room_id `, `cm_user_id`, `cm_message`) VALUES (52, 24, 35, 'สวัสดีครับ'), (53, 24, 1, 'ครับ ทดสอบครับ'), (54, 0, 36, 'สวัสดีครับ'), (55, 0, 1, 'ครับ'), (56, 26, 44, 'สวัดดีคับ'), (57, 26, 1, 'สวัสดีค่ะแบล็คล็อคยินดีตอนรับ ต้องการติดต่อด้านไหน ค่ะ'), (58, 30, 50, 'ต้องการเพิ่มเครดิตค่ะ'), (59, 30, 1, 'สวัสดีค่ะ ยินดีตอนรับเข้ากองทุนแบล็คล็อค ติดต่อด้านไหนค่ะ'), (60, 30, 50, 'ต้องการเพิ่มเครดิตค่ะ '), (61, 30, 50, 'เพิ่มเครดิต ต้องทำยังไงบ้างค่ะ'), (62, 30, 1, 'ต้องการเพิ่มเครดิตเท่าไหร่ค่ะ'), (63, 30, 1, 'แจ้งได้เลยค่ะ'), (64, 30, 1, 'แจ้งมาได้เลยค่ะว่าต้องการฝากเท่าไหร่'), (65, 24, 35, 'hello'), (66, 24, 35, 'hi'), (67, 24, 1, 'hii'), (68, 24, 35, 'hii'), (69, 24, 1, 'ggg'), (70, 33, 52, 'hi');
-- --------------------------------------------------------
--
-- TABLE structure for TABLE `chat_participants`
--

CREATE TABLE `chat_participants` ( `cp_id` int (11) NOT NULL, `cp_user_id` int (11) NOT NULL, `cp_room_id` int (11) NOT NULL ) ENGINE = InnoDB DEFAULT CHARSET = utf8;
--
-- Dumping data for TABLE `chat_participants`
--
INSERT INTO `chat_participants` (` cp_id`, `cp_user_id `, `cp_room_id`) VALUES (28, 35, 24), (29, 36, 25), (30, 44, 26), (31, 38, 27), (32, 46, 28), (33, 48, 29), (34, 50, 30), (35, 37, 31), (36, 34, 32), (37, 52, 33);
-- --------------------------------------------------------
--
-- TABLE structure for TABLE `chat_room`
--

CREATE TABLE `chat_room` ( `room_id` int (11) NOT NULL, `room_name` varchar (50) NOT NULL ) ENGINE = InnoDB DEFAULT CHARSET = utf8;
--
-- Dumping data for TABLE `chat_room`
--
INSERT INTO `chat_room` (` room_id`, `room_name `) VALUES (24, 'dekd'), (25, 'กันตะนา'), (26, 'นายสมพร'), (27, 'ณรงศักดิ์'), (28, 'Sobic'), (29, 'จันทพร'), (30, 'ปลื้มจิต '), (31, 'qwerty'), (32, 'อับดุล'), (33, 'user');
-- --------------------------------------------------------
--
-- TABLE structure for TABLE `db_credit`
--

CREATE TABLE `db_credit` ( `credit_id` int (11) NOT NULL, `credit_owner` int (11) NOT NULL, `credit_value` double NOT NULL ) ENGINE = InnoDB DEFAULT CHARSET = utf8;
--
-- Dumping data for TABLE `db_credit`
--
INSERT INTO `db_credit` (` credit_id`, `credit_owner `, `credit_value`) VALUES (21, 1, 10250), (29, 34, 0), (30, 35, 3500), (31, 36, 0), (32, 37, 0), (33, 38, 1000), (34, 39, 170000), (35, 40, 30000), (36, 41, 50750), (37, 42, 100000), (38, 43, 0), (39, 43, 0), (40, 45, 0), (41, 46, 0), (42, 47, 5000), (43, 47, 5000), (44, 49, 5000), (45, 50, 0), (46, 51, 157983), (47, 52, 0);
-- --------------------------------------------------------
--
-- TABLE structure for TABLE `db_credit_log`
--

CREATE TABLE `db_credit_log` ( `credit_log_id` int (11) NOT NULL, `credit_log_owner` int (11) NOT NULL, `credit_log_status` int (11) NOT NULL, `credit_log_type` int (11) NOT NULL, `credit_log_value` int (11) NOT NULL ) ENGINE = InnoDB DEFAULT CHARSET = utf8;
-- --------------------------------------------------------
--
-- TABLE structure for TABLE `db_game_history`
--

CREATE TABLE `db_game_history` ( `gamehis_id` int (11) NOT NULL, `gamehis_owner_id` int (11) NOT NULL, `gamehis_type` int (11) NOT NULL, `gamehis_value` varchar (50) NOT NULL ) ENGINE = InnoDB DEFAULT CHARSET = utf8;
--
-- Dumping data for TABLE `db_game_history`
--
INSERT INTO `db_game_history` (` gamehis_id`, `gamehis_owner_id `, `gamehis_type`, `gamehis_value`) VALUES (776, 33, 0, '1000 + 50'), (777, 1, 1, '-10000'), (778, 1, 1, '-10000'), (779, 1, 0, '10000 + 500'), (780, 1, 0, '10000 + 500'), (781, 40, 1, '-30000'), (782, 40, 1, '-30000'), (783, 40, 1, '-30000'), (784, 40, 1, '-30000'), (785, 40, 1, '-30000'), (786, 40, 0, '10000 + 500'), (787, 38, 1, '-10000'), (788, 38, 0, '20000 + 1000'), (789, 40, 0, '30500 + 1525'), (790, 38, 1, '-10000'), (791, 40, 1, '-10000'), (792, 38, 1, '-10000'), (793, 40, 1, '-10000'), (794, 40, 1, '-10000'), (795, 40, 1, '-10000'), (796, 40, 1, '-10000'), (797, 40, 1, '-10000'), (798, 40, 1, '-10000'), (799, 40, 1, '-10000'), (800, 40, 1, '-10000'), (801, 40, 1, '-5000'), (802, 38, 1, '-50000'), (803, 40, 1, '-5000'), (804, 40, 0, '5000 + 250'), (805, 40, 1, '-5000'), (806, 40, 1, '-5000'), (807, 40, 0, '5000 + 250'), (808, 40, 1, '-5000'), (809, 40, 1, '-5000'), (810, 40, 1, '-5000'), (811, 40, 1, '-5000'), (812, 40, 1, '-5000'), (813, 40, 1, '-5000'), (814, 40, 1, '-5000'), (815, 40, 1, '-5000'), (816, 41, 0, '5000 + 250'), (817, 41, 0, '10000 + 500'), (818, 1, 0, '5000 + 250');
-- --------------------------------------------------------
--
-- TABLE structure for TABLE `db_game_lang`
--

CREATE TABLE `db_game_lang` ( `lang_id` int (11) NOT NULL, `lang_name` varchar (80) NOT NULL, `lang_img` varchar (255) NOT NULL, `lang_font_col` varchar (9) NOT NULL, `lang_back_col` varchar (9) NOT NULL ) ENGINE = InnoDB DEFAULT CHARSET = utf8;
--
-- Dumping data for TABLE `db_game_lang`
--
INSERT INTO `db_game_lang` (` lang_id`, `lang_name `, `lang_img`, `lang_font_col`, `lang_back_col`) VALUES (10, 'ประเทศไทย', 'Flag-thai.png', '#ffffff', '#3e4f6f');
-- --------------------------------------------------------
--
-- TABLE structure for TABLE `db_game_room`
--

CREATE TABLE `db_game_room` ( `room_id` int (11) NOT NULL, `room_lang_id` int (11) NOT NULL, `room_name` varchar (50) NOT NULL, `room_sec_name` varchar (50) NOT NULL, `room_min` int (11) NOT NULL, `room_password` varchar (50) DEFAULT NULL, `room_gen_id` int (11) NOT NULL ) ENGINE = InnoDB DEFAULT CHARSET = utf8;
--
-- Dumping data for TABLE `db_game_room`
--
INSERT INTO `db_game_room` (` room_id`, `room_lang_id `, `room_name`, `room_sec_name`, `room_min`, `room_password`, `room_gen_id`) VALUES (22, 10, 'ห้องต้นทุนต่ำ', 'กองทุ่นต่ำ', 1000, '88888888', 600), (23, 10, 'ห้องขั้นกลาง', 'กองทุนขนาดกลาง', 3000, '88888888', 600), (24, 10, 'ห้องขั้นสูง', 'กองทุนสูง', 10000, '88888888', 600), (25, 10, 'ห้องพิเศษ', 'กองทุนสำหรับVIP', 50000, '88888888', 600);
-- --------------------------------------------------------
--
-- TABLE structure for TABLE `db_gennumber`
--

CREATE TABLE `db_gennumber` ( `gameNumber_id` int (11) NOT NULL, `gameNumber_room_id` int (11) NOT NULL, `num1` int (11) NOT NULL, `num2` int (11) NOT NULL, `num3` int (11) NOT NULL, `num_total` int (11) NOT NULL, `gen_id` int (11) NOT NULL, `gen_time` datetime NOT NULL ) ENGINE = InnoDB DEFAULT CHARSET = utf8;
--
-- Dumping data for TABLE `db_gennumber`
--
INSERT INTO `db_gennumber` (` gameNumber_id`, `gameNumber_room_id `, `num1`, `num2`, `num3`, `num_total`, `gen_id`, `gen_time`) VALUES (4547, 22, 4, 1, 1, 6, 1, '2022-07-25 16:44:56'), (4548, 23, 3, 0, 2, 5, 1, '2022-07-25 16:44:56'), (4549, 24, 4, 3, 7, 14, 1, '2022-07-25 16:44:56'), (4550, 25, 2, 9, 9, 20, 1, '2022-07-25 16:44:56'), (4555, 22, 9, 5, 8, 22, 2, '2022-07-25 16:45:15'), (4556, 23, 1, 8, 6, 15, 2, '2022-07-25 16:45:15'), (4557, 24, 5, 0, 3, 8, 2, '2022-07-25 16:45:15'), (4558, 25, 0, 8, 3, 11, 2, '2022-07-25 16:45:15'), (4579, 22, 7, 9, 7, 23, 3, '2022-07-25 17:52:10'), (4580, 23, 7, 8, 8, 23, 3, '2022-07-25 17:52:10'), (4581, 24, 8, 1, 6, 15, 3, '2022-07-25 17:52:10'), (4582, 25, 1, 1, 4, 6, 3, '2022-07-25 17:52:10'), (4587, 22, 5, 4, 9, 18, 4, '2022-07-25 17:52:30'), (4588, 23, 4, 6, 0, 10, 4, '2022-07-25 17:52:30'), (4589, 24, 6, 1, 6, 13, 4, '2022-07-25 17:52:30'), (4590, 25, 9, 5, 9, 23, 4, '2022-07-25 17:52:30'), (4595, 22, 0, 2, 9, 11, 5, '2022-07-25 17:52:39'), (4596, 23, 7, 4, 2, 13, 5, '2022-07-25 17:52:39'), (4597, 24, 8, 1, 5, 14, 5, '2022-07-25 17:52:39'), (4598, 25, 0, 4, 1, 5, 5, '2022-07-25 17:52:39'), (4603, 22, 2, 9, 2, 13, 6, '2022-07-25 17:53:17'), (4604, 23, 6, 8, 0, 14, 6, '2022-07-25 17:53:17'), (4605, 24, 2, 6, 0, 8, 6, '2022-07-25 17:53:17'), (4606, 25, 4, 8, 1, 13, 6, '2022-07-25 17:53:17'), (4611, 22, 3, 8, 5, 16, 7, '2022-07-25 17:53:40'), (4612, 23, 1, 1, 3, 5, 7, '2022-07-25 17:53:40'), (4613, 24, 0, 3, 0, 3, 7, '2022-07-25 17:53:40'), (4614, 25, 1, 4, 5, 10, 7, '2022-07-25 17:53:40'), (4619, 22, 3, 0, 3, 6, 8, '2022-07-25 17:54:03'), (4620, 23, 3, 0, 2, 5, 8, '2022-07-25 17:54:03'), (4621, 24, 6, 0, 0, 6, 8, '2022-07-25 17:54:03'), (4622, 25, 7, 9, 6, 22, 8, '2022-07-25 17:54:03'), (4627, 22, 9, 3, 9, 21, 9, '2022-07-25 17:59:05'), (4628, 23, 4, 0, 0, 4, 9, '2022-07-25 17:59:05'), (4629, 24, 0, 1, 4, 5, 9, '2022-07-25 17:59:05'), (4630, 25, 5, 7, 8, 20, 9, '2022-07-25 17:59:05'), (4635, 22, 8, 7, 1, 16, 10, '2022-07-26 16:10:48'), (4636, 23, 9, 1, 7, 17, 10, '2022-07-26 16:10:48'), (4637, 24, 6, 7, 4, 17, 10, '2022-07-26 16:10:48'), (4638, 25, 6, 7, 3, 16, 10, '2022-07-26 16:10:48'), (4639, 22, 5, 1, 6, 12, 11, '2022-07-26 16:13:36'), (4640, 23, 8, 5, 0, 13, 11, '2022-07-26 16:13:36'), (4641, 24, 2, 8, 8, 18, 11, '2022-07-26 16:13:36'), (4642, 25, 9, 2, 9, 20, 11, '2022-07-26 16:13:36'), (4643, 22, 1, 6, 3, 10, 12, '2022-07-26 16:18:38'), (4644, 23, 3, 0, 6, 9, 12, '2022-07-26 16:18:38'), (4645, 24, 2, 4, 4, 10, 12, '2022-07-26 16:18:38'), (4646, 25, 2, 4, 7, 13, 12, '2022-07-26 16:18:38'), (4647, 22, 1, 7, 7, 15, 13, '2022-07-26 16:23:20'), (4648, 23, 4, 6, 0, 10, 13, '2022-07-26 16:23:20'), (4649, 24, 6, 2, 5, 13, 13, '2022-07-26 16:23:20'), (4650, 25, 5, 8, 7, 20, 13, '2022-07-26 16:23:20'), (4651, 22, 6, 5, 3, 14, 14, '2022-07-26 19:44:37'), (4652, 23, 1, 9, 5, 15, 14, '2022-07-26 19:44:37'), (4653, 24, 2, 7, 3, 12, 14, '2022-07-26 19:44:37'), (4654, 25, 4, 8, 4, 16, 14, '2022-07-26 19:44:37'), (4655, 22, 3, 5, 5, 13, 15, '2022-08-04 11:58:58'), (4656, 23, 0, 2, 7, 9, 15, '2022-08-04 11:58:58'), (4657, 24, 8, 3, 1, 12, 15, '2022-08-04 11:58:58'), (4658, 25, 4, 5, 3, 12, 15, '2022-08-04 11:58:58'), (4659, 22, 2, 9, 2, 13, 16, '2022-08-04 12:16:24'), (4660, 23, 6, 5, 8, 19, 16, '2022-08-04 12:16:24'), (4661, 24, 6, 1, 2, 9, 16, '2022-08-04 12:16:24'), (4662, 25, 9, 5, 0, 14, 16, '2022-08-04 12:16:24'), (4663, 22, 2, 3, 1, 6, 17, '2022-08-04 12:21:30'), (4664, 23, 0, 2, 8, 10, 17, '2022-08-04 12:21:30'), (4665, 24, 9, 3, 6, 18, 17, '2022-08-04 12:21:30'), (4666, 25, 2, 1, 3, 6, 17, '2022-08-04 12:21:30'), (4667, 22, 4, 1, 5, 10, 18, '2022-08-04 12:26:33'), (4668, 23, 4, 8, 2, 14, 18, '2022-08-04 12:26:33'), (4669, 24, 0, 2, 7, 9, 18, '2022-08-04 12:26:33'), (4670, 25, 0, 9, 0, 9, 18, '2022-08-04 12:26:33'), (4671, 22, 4, 8, 8, 20, 19, '2022-08-04 12:31:35'), (4672, 23, 0, 5, 3, 8, 19, '2022-08-04 12:31:35'), (4673, 24, 2, 4, 9, 15, 19, '2022-08-04 12:31:35'), (4674, 25, 0, 1, 4, 5, 19, '2022-08-04 12:31:35'), (4675, 22, 6, 0, 4, 10, 20, '2022-08-04 12:37:24'), (4676, 23, 5, 7, 9, 21, 20, '2022-08-04 12:37:24'), (4677, 24, 4, 0, 4, 8, 20, '2022-08-04 12:37:24'), (4678, 25, 7, 1, 2, 10, 20, '2022-08-04 12:37:24'), (4679, 22, 7, 5, 7, 19, 21, '2022-08-04 12:42:54'), (4680, 23, 5, 5, 3, 13, 21, '2022-08-04 12:42:54'), (4681, 24, 8, 0, 5, 13, 21, '2022-08-04 12:42:54'), (4682, 25, 8, 8, 7, 23, 21, '2022-08-04 12:42:54'), (4683, 22, 0, 6, 8, 14, 22, '2022-08-04 12:47:57'), (4684, 23, 0, 2, 3, 5, 22, '2022-08-04 12:47:57'), (4685, 24, 4, 3, 0, 7, 22, '2022-08-04 12:47:57'), (4686, 25, 4, 6, 5, 15, 22, '2022-08-04 12:47:57'), (4687, 22, 0, 9, 6, 15, 23, '2022-08-04 12:53:54'), (4688, 23, 9, 3, 0, 12, 23, '2022-08-04 12:53:54'), (4689, 24, 5, 4, 9, 18, 23, '2022-08-04 12:53:54'), (4690, 25, 4, 9, 6, 19, 23, '2022-08-04 12:53:54'), (4691, 22, 1, 0, 0, 1, 24, '2022-08-04 12:58:56'), (4692, 23, 8, 3, 5, 16, 24, '2022-08-04 12:58:56'), (4693, 24, 3, 6, 1, 10, 24, '2022-08-04 12:58:56'), (4694, 25, 3, 7, 4, 14, 24, '2022-08-04 12:58:56'), (4695, 22, 3, 1, 8, 12, 25, '2022-08-04 13:03:58'), (4696, 23, 1, 6, 2, 9, 25, '2022-08-04 13:03:58'), (4697, 24, 0, 6, 5, 11, 25, '2022-08-04 13:03:58'), (4698, 25, 7, 6, 9, 22, 25, '2022-08-04 13:03:58'), (4699, 22, 0, 6, 4, 10, 26, '2022-08-04 13:09:54'), (4700, 23, 5, 4, 7, 16, 26, '2022-08-04 13:09:54'), (4701, 24, 2, 7, 5, 14, 26, '2022-08-04 13:09:54'), (4702, 25, 9, 0, 8, 17, 26, '2022-08-04 13:09:54'), (4703, 22, 7, 5, 3, 15, 27, '2022-08-04 13:15:54'), (4704, 23, 0, 3, 7, 10, 27, '2022-08-04 13:15:54'), (4705, 24, 2, 6, 0, 8, 27, '2022-08-04 13:15:54'), (4706, 25, 8, 8, 7, 23, 27, '2022-08-04 13:15:54'), (4707, 22, 2, 8, 1, 11, 28, '2022-08-04 13:20:56'), (4708, 23, 3, 8, 1, 12, 28, '2022-08-04 13:20:56'), (4709, 24, 6, 1, 1, 8, 28, '2022-08-04 13:20:56'), (4710, 25, 0, 8, 0, 8, 28, '2022-08-04 13:20:56'), (4711, 22, 7, 2, 1, 10, 29, '2022-08-04 13:26:54'), (4712, 23, 6, 6, 8, 20, 29, '2022-08-04 13:26:54'), (4713, 24, 2, 3, 9, 14, 29, '2022-08-04 13:26:54'), (4714, 25, 1, 6, 0, 7, 29, '2022-08-04 13:26:54'), (4715, 22, 2, 1, 8, 11, 30, '2022-08-04 13:31:56'), (4716, 23, 1, 0, 7, 8, 30, '2022-08-04 13:31:56'), (4717, 24, 8, 1, 6, 15, 30, '2022-08-04 13:31:56'), (4718, 25, 3, 0, 5, 8, 30, '2022-08-04 13:31:56'), (4719, 22, 4, 5, 7, 16, 31, '2022-08-04 13:36:58'), (4720, 23, 5, 0, 1, 6, 31, '2022-08-04 13:36:58'), (4721, 24, 3, 9, 7, 19, 31, '2022-08-04 13:36:58'), (4722, 25, 0, 9, 0, 9, 31, '2022-08-04 13:36:58'), (4723, 22, 5, 1, 4, 10, 32, '2022-08-04 13:42:00'), (4724, 23, 0, 8, 6, 14, 32, '2022-08-04 13:42:00'), (4725, 24, 7, 5, 0, 12, 32, '2022-08-04 13:42:00'), (4726, 25, 1, 4, 1, 6, 32, '2022-08-04 13:42:00'), (4727, 22, 8, 9, 4, 21, 33, '2022-08-04 13:47:54'), (4728, 23, 4, 8, 5, 17, 33, '2022-08-04 13:47:54'), (4729, 24, 7, 5, 4, 16, 33, '2022-08-04 13:47:54'), (4730, 25, 5, 5, 3, 13, 33, '2022-08-04 13:47:54'), (4731, 22, 3, 8, 0, 11, 34, '2022-08-04 13:53:55'), (4732, 23, 2, 5, 5, 12, 34, '2022-08-04 13:53:55'), (4733, 24, 4, 1, 3, 8, 34, '2022-08-04 13:53:55'), (4734, 25, 1, 4, 9, 14, 34, '2022-08-04 13:53:55'), (4735, 22, 9, 2, 7, 18, 35, '2022-08-04 14:00:18'), (4736, 23, 0, 8, 2, 10, 35, '2022-08-04 14:00:18'), (4737, 24, 9, 7, 9, 25, 35, '2022-08-04 14:00:18'), (4738, 25, 7, 4, 9, 20, 35, '2022-08-04 14:00:18'), (4739, 22, 9, 5, 5, 19, 36, '2022-08-04 14:06:23'), (4740, 23, 4, 6, 7, 17, 36, '2022-08-04 14:06:23'), (4741, 24, 0, 6, 9, 15, 36, '2022-08-04 14:06:23'), (4742, 25, 3, 1, 4, 8, 36, '2022-08-04 14:06:23'), (4743, 22, 5, 6, 8, 19, 37, '2022-08-04 14:11:54'), (4744, 23, 2, 7, 6, 15, 37, '2022-08-04 14:11:54'), (4745, 24, 1, 4, 0, 5, 37, '2022-08-04 14:11:54'), (4746, 25, 1, 8, 0, 9, 37, '2022-08-04 14:11:54'), (4747, 22, 1, 8, 6, 15, 38, '2022-08-04 14:16:01'), (4748, 23, 5, 7, 7, 19, 38, '2022-08-04 14:16:01'), (4749, 24, 5, 9, 3, 17, 38, '2022-08-04 14:16:01'), (4750, 25, 7, 0, 5, 12, 38, '2022-08-04 14:16:01'), (4751, 22, 3, 8, 3, 14, 39, '2022-08-04 14:21:34'), (4752, 23, 4, 3, 4, 11, 39, '2022-08-04 14:21:34'), (4753, 24, 3, 5, 5, 13, 39, '2022-08-04 14:21:34'), (4754, 25, 1, 6, 5, 12, 39, '2022-08-04 14:21:34'), (4755, 22, 6, 9, 2, 17, 40, '2022-08-04 14:26:54'), (4756, 23, 9, 6, 7, 22, 40, '2022-08-04 14:26:54'), (4757, 24, 3, 7, 7, 17, 40, '2022-08-04 14:26:54'), (4758, 25, 6, 9, 2, 17, 40, '2022-08-04 14:26:54'), (4759, 22, 1, 8, 8, 17, 41, '2022-08-04 14:31:56'), (4760, 23, 8, 5, 6, 19, 41, '2022-08-04 14:31:56'), (4761, 24, 9, 5, 2, 16, 41, '2022-08-04 14:31:56'), (4762, 25, 2, 4, 0, 6, 41, '2022-08-04 14:31:56'), (4763, 22, 9, 9, 2, 20, 42, '2022-08-04 14:37:03'), (4764, 23, 7, 1, 6, 14, 42, '2022-08-04 14:37:03'), (4765, 24, 2, 2, 4, 8, 42, '2022-08-04 14:37:03'), (4766, 25, 8, 4, 7, 19, 42, '2022-08-04 14:37:03'), (4767, 22, 5, 4, 4, 13, 43, '2022-08-04 14:42:55'), (4768, 23, 1, 2, 1, 4, 43, '2022-08-04 14:42:55'), (4769, 24, 0, 5, 5, 10, 43, '2022-08-04 14:42:55'), (4770, 25, 9, 8, 4, 21, 43, '2022-08-04 14:42:55'), (4771, 22, 3, 1, 3, 7, 44, '2022-08-04 14:47:57'), (4772, 23, 5, 7, 5, 17, 44, '2022-08-04 14:47:57'), (4773, 24, 0, 6, 0, 6, 44, '2022-08-04 14:47:57'), (4774, 25, 1, 9, 0, 10, 44, '2022-08-04 14:47:57'), (4775, 22, 7, 0, 2, 9, 45, '2022-08-04 14:52:59'), (4776, 23, 2, 9, 5, 16, 45, '2022-08-04 14:52:59'), (4777, 24, 1, 2, 9, 12, 45, '2022-08-04 14:52:59'), (4778, 25, 3, 7, 1, 11, 45, '2022-08-04 14:52:59'), (4779, 22, 5, 4, 1, 10, 46, '2022-08-04 14:58:01'), (4780, 23, 7, 6, 7, 20, 46, '2022-08-04 14:58:01'), (4781, 24, 5, 2, 5, 12, 46, '2022-08-04 14:58:01'), (4782, 25, 1, 6, 0, 7, 46, '2022-08-04 14:58:01'), (4783, 22, 1, 2, 7, 10, 47, '2022-08-04 15:03:02'), (4784, 23, 2, 1, 0, 3, 47, '2022-08-04 15:03:02'), (4785, 24, 5, 1, 7, 13, 47, '2022-08-04 15:03:02'), (4786, 25, 0, 2, 7, 9, 47, '2022-08-04 15:03:02'), (4787, 22, 7, 1, 4, 12, 48, '2022-08-04 15:08:04'), (4788, 23, 7, 1, 6, 14, 48, '2022-08-04 15:08:04'), (4789, 24, 1, 7, 2, 10, 48, '2022-08-04 15:08:04'), (4790, 25, 5, 7, 7, 19, 48, '2022-08-04 15:08:04'), (4791, 22, 9, 9, 6, 24, 49, '2022-08-04 15:13:13'), (4792, 23, 7, 7, 3, 17, 49, '2022-08-04 15:13:13'), (4793, 24, 5, 0, 4, 9, 49, '2022-08-04 15:13:13'), (4794, 25, 9, 6, 5, 20, 49, '2022-08-04 15:13:13'), (4795, 22, 7, 1, 0, 8, 50, '2022-08-04 15:14:43'), (4796, 23, 4, 6, 6, 16, 50, '2022-08-04 15:14:43'), (4797, 24, 6, 6, 1, 13, 50, '2022-08-04 15:14:43'), (4798, 25, 0, 5, 8, 13, 50, '2022-08-04 15:14:43'), (4799, 22, 1, 9, 8, 18, 51, '2022-08-04 15:19:45'), (4800, 23, 0, 5, 4, 9, 51, '2022-08-04 15:19:45'), (4801, 24, 4, 1, 6, 11, 51, '2022-08-04 15:19:45'), (4802, 25, 7, 3, 3, 13, 51, '2022-08-04 15:19:45'), (4803, 22, 7, 5, 1, 13, 52, '2022-08-04 15:20:37'), (4804, 23, 1, 4, 8, 13, 52, '2022-08-04 15:20:37'), (4805, 24, 8, 3, 0, 11, 52, '2022-08-04 15:20:37'), (4806, 25, 6, 9, 7, 22, 52, '2022-08-04 15:20:37'), (4807, 22, 4, 7, 1, 12, 53, '2022-08-04 15:21:15'), (4808, 23, 6, 2, 6, 14, 53, '2022-08-04 15:21:15'), (4809, 24, 0, 4, 5, 9, 53, '2022-08-04 15:21:15'), (4810, 25, 6, 9, 9, 24, 53, '2022-08-04 15:21:15'), (4811, 22, 1, 8, 5, 14, 54, '2022-08-04 15:21:51'), (4812, 23, 3, 9, 9, 21, 54, '2022-08-04 15:21:51'), (4813, 24, 9, 3, 8, 20, 54, '2022-08-04 15:21:51'), (4814, 25, 4, 4, 4, 12, 54, '2022-08-04 15:21:51'), (4815, 22, 4, 5, 3, 12, 55, '2022-08-04 15:22:20'), (4816, 23, 7, 7, 1, 15, 55, '2022-08-04 15:22:20'), (4817, 24, 0, 5, 2, 7, 55, '2022-08-04 15:22:20'), (4818, 25, 3, 1, 3, 7, 55, '2022-08-04 15:22:20'), (4819, 22, 0, 4, 1, 5, 56, '2022-08-04 15:22:46'), (4820, 23, 9, 6, 9, 24, 56, '2022-08-04 15:22:46'), (4821, 24, 9, 8, 7, 24, 56, '2022-08-04 15:22:46'), (4822, 25, 6, 3, 5, 14, 56, '2022-08-04 15:22:46'), (4823, 22, 2, 2, 3, 7, 57, '2022-08-04 15:23:11'), (4824, 23, 4, 5, 3, 12, 57, '2022-08-04 15:23:11'), (4825, 24, 5, 5, 4, 14, 57, '2022-08-04 15:23:11'), (4826, 25, 5, 6, 0, 11, 57, '2022-08-04 15:23:11'), (4827, 22, 7, 0, 0, 7, 58, '2022-08-04 15:23:41'), (4828, 23, 5, 2, 9, 16, 58, '2022-08-04 15:23:41'), (4829, 24, 6, 8, 3, 17, 58, '2022-08-04 15:23:41'), (4830, 25, 9, 7, 4, 20, 58, '2022-08-04 15:23:41'), (4831, 22, 3, 1, 3, 7, 59, '2022-08-04 15:24:10'), (4832, 23, 1, 9, 7, 17, 59, '2022-08-04 15:24:10'), (4833, 24, 8, 2, 4, 14, 59, '2022-08-04 15:24:10'), (4834, 25, 2, 5, 1, 8, 59, '2022-08-04 15:24:10'), (4835, 22, 2, 3, 9, 14, 60, '2022-08-04 15:25:39'), (4836, 23, 0, 0, 0, 0, 60, '2022-08-04 15:25:39'), (4837, 24, 2, 6, 6, 14, 60, '2022-08-04 15:25:39'), (4838, 25, 3, 2, 6, 11, 60, '2022-08-04 15:25:39'), (4839, 22, 2, 0, 0, 2, 61, '2022-08-04 15:26:16'), (4840, 23, 2, 9, 9, 20, 61, '2022-08-04 15:26:16'), (4841, 24, 4, 4, 4, 12, 61, '2022-08-04 15:26:16'), (4842, 25, 1, 8, 0, 9, 61, '2022-08-04 15:26:16'), (4843, 22, 3, 1, 3, 7, 62, '2022-08-04 15:31:19'), (4844, 23, 0, 3, 9, 12, 62, '2022-08-04 15:31:19'), (4845, 24, 6, 1, 6, 13, 62, '2022-08-04 15:31:19'), (4846, 25, 7, 3, 0, 10, 62, '2022-08-04 15:31:19'), (4847, 22, 6, 1, 4, 11, 63, '2022-08-04 15:36:54'), (4848, 23, 5, 9, 2, 16, 63, '2022-08-04 15:36:54'), (4849, 24, 5, 4, 9, 18, 63, '2022-08-04 15:36:54'), (4850, 25, 3, 4, 6, 13, 63, '2022-08-04 15:36:54'), (4851, 22, 7, 4, 3, 14, 64, '2022-08-04 15:42:54'), (4852, 23, 0, 8, 1, 9, 64, '2022-08-04 15:42:54'), (4853, 24, 6, 9, 1, 16, 64, '2022-08-04 15:42:54'), (4854, 25, 7, 6, 6, 19, 64, '2022-08-04 15:42:54'), (4855, 22, 5, 3, 1, 9, 65, '2022-08-04 15:48:54'), (4856, 23, 5, 0, 6, 11, 65, '2022-08-04 15:48:54'), (4857, 24, 7, 4, 5, 16, 65, '2022-08-04 15:48:54'), (4858, 25, 9, 5, 3, 17, 65, '2022-08-04 15:48:54'), (4859, 22, 5, 2, 1, 8, 66, '2022-08-04 15:53:56'), (4860, 23, 7, 6, 0, 13, 66, '2022-08-04 15:53:56'), (4861, 24, 7, 6, 9, 22, 66, '2022-08-04 15:53:56'), (4862, 25, 1, 9, 6, 16, 66, '2022-08-04 15:53:56'), (4863, 22, 3, 1, 6, 10, 67, '2022-08-04 15:59:54'), (4864, 23, 1, 1, 4, 6, 67, '2022-08-04 15:59:54'), (4865, 24, 6, 0, 9, 15, 67, '2022-08-04 15:59:54'), (4866, 25, 6, 9, 6, 21, 67, '2022-08-04 15:59:54'), (4867, 22, 2, 7, 1, 10, 68, '2022-08-04 16:04:56'), (4868, 23, 4, 1, 5, 10, 68, '2022-08-04 16:04:56'), (4869, 24, 3, 2, 5, 10, 68, '2022-08-04 16:04:56'), (4870, 25, 9, 1, 0, 10, 68, '2022-08-04 16:04:56'), (4871, 22, 0, 2, 1, 3, 69, '2022-08-04 16:09:58'), (4872, 23, 5, 5, 0, 10, 69, '2022-08-04 16:09:58'), (4873, 24, 8, 4, 5, 17, 69, '2022-08-04 16:09:58'), (4874, 25, 8, 7, 2, 17, 69, '2022-08-04 16:09:58'), (4875, 22, 5, 7, 0, 12, 70, '2022-08-04 16:15:00'), (4876, 23, 0, 9, 7, 16, 70, '2022-08-04 16:15:00'), (4877, 24, 2, 6, 1, 9, 70, '2022-08-04 16:15:00'), (4878, 25, 9, 3, 3, 15, 70, '2022-08-04 16:15:00'), (4879, 22, 9, 7, 4, 20, 71, '2022-08-04 16:20:54'), (4880, 23, 2, 8, 2, 12, 71, '2022-08-04 16:20:54'), (4881, 24, 9, 6, 9, 24, 71, '2022-08-04 16:20:54'), (4882, 25, 1, 8, 5, 14, 71, '2022-08-04 16:20:54'), (4883, 22, 6, 5, 9, 20, 72, '2022-08-04 16:26:54'), (4884, 23, 8, 7, 2, 17, 72, '2022-08-04 16:26:54'), (4885, 24, 0, 1, 4, 5, 72, '2022-08-04 16:26:54'), (4886, 25, 1, 2, 8, 11, 72, '2022-08-04 16:26:54'), (4887, 22, 5, 3, 1, 9, 73, '2022-08-04 16:31:56'), (4888, 23, 6, 2, 3, 11, 73, '2022-08-04 16:31:56'), (4889, 24, 4, 6, 7, 17, 73, '2022-08-04 16:31:56'), (4890, 25, 2, 6, 1, 9, 73, '2022-08-04 16:31:56'), (4891, 22, 1, 1, 2, 4, 74, '2022-08-04 16:37:54'), (4892, 23, 6, 8, 1, 15, 74, '2022-08-04 16:37:54'), (4893, 24, 7, 0, 5, 12, 74, '2022-08-04 16:37:54'), (4894, 25, 5, 4, 6, 15, 74, '2022-08-04 16:37:54'), (4895, 22, 1, 8, 1, 10, 75, '2022-08-04 16:43:54'), (4896, 23, 7, 8, 1, 16, 75, '2022-08-04 16:43:54'), (4897, 24, 6, 0, 5, 11, 75, '2022-08-04 16:43:54'), (4898, 25, 9, 9, 8, 26, 75, '2022-08-04 16:43:54'), (4899, 22, 9, 6, 9, 24, 76, '2022-08-04 16:49:54'), (4900, 23, 1, 5, 1, 7, 76, '2022-08-04 16:49:54'), (4901, 24, 4, 3, 9, 16, 76, '2022-08-04 16:49:54'), (4902, 25, 9, 5, 9, 23, 76, '2022-08-04 16:49:54'), (4903, 22, 0, 6, 8, 14, 77, '2022-08-04 16:55:54'), (4904, 23, 1, 9, 6, 16, 77, '2022-08-04 16:55:54'), (4905, 24, 2, 8, 9, 19, 77, '2022-08-04 16:55:54'), (4906, 25, 9, 9, 1, 19, 77, '2022-08-04 16:55:54'), (4907, 22, 6, 3, 5, 14, 78, '2022-08-04 17:01:54'), (4908, 23, 8, 6, 1, 15, 78, '2022-08-04 17:01:54'), (4909, 24, 2, 5, 9, 16, 78, '2022-08-04 17:01:54'), (4910, 25, 6, 3, 8, 17, 78, '2022-08-04 17:01:54'), (4911, 22, 5, 0, 7, 12, 79, '2022-08-04 17:07:54'), (4912, 23, 3, 5, 7, 15, 79, '2022-08-04 17:07:54'), (4913, 24, 4, 5, 4, 13, 79, '2022-08-04 17:07:54'), (4914, 25, 8, 6, 8, 22, 79, '2022-08-04 17:07:54'), (4915, 22, 7, 5, 1, 13, 80, '2022-08-04 17:12:56'), (4916, 23, 3, 3, 0, 6, 80, '2022-08-04 17:12:56'), (4917, 24, 0, 2, 1, 3, 80, '2022-08-04 17:12:56'), (4918, 25, 4, 2, 1, 7, 80, '2022-08-04 17:12:56'), (4919, 22, 5, 7, 3, 15, 81, '2022-08-04 17:17:58'), (4920, 23, 5, 2, 6, 13, 81, '2022-08-04 17:17:58'), (4921, 24, 7, 1, 8, 16, 81, '2022-08-04 17:17:58'), (4922, 25, 5, 0, 4, 9, 81, '2022-08-04 17:17:58'), (4923, 22, 6, 1, 1, 8, 82, '2022-08-04 17:23:00'), (4924, 23, 0, 8, 6, 14, 82, '2022-08-04 17:23:00'), (4925, 24, 7, 6, 1, 14, 82, '2022-08-04 17:23:00'), (4926, 25, 6, 5, 6, 17, 82, '2022-08-04 17:23:00'), (4927, 22, 1, 5, 2, 8, 83, '2022-08-04 17:28:54'), (4928, 23, 2, 5, 6, 13, 83, '2022-08-04 17:28:54'), (4929, 24, 6, 2, 4, 12, 83, '2022-08-04 17:28:54'), (4930, 25, 4, 2, 3, 9, 83, '2022-08-04 17:28:54'), (4931, 22, 8, 7, 2, 17, 84, '2022-08-04 17:34:54'), (4932, 23, 5, 3, 1, 9, 84, '2022-08-04 17:34:54'), (4933, 24, 7, 5, 7, 19, 84, '2022-08-04 17:34:54'), (4934, 25, 0, 5, 1, 6, 84, '2022-08-04 17:34:54'), (4935, 22, 2, 2, 4, 8, 85, '2022-08-04 17:39:56'), (4936, 23, 7, 4, 5, 16, 85, '2022-08-04 17:39:56'), (4937, 24, 5, 3, 8, 16, 85, '2022-08-04 17:39:56'), (4938, 25, 4, 3, 3, 10, 85, '2022-08-04 17:39:56'), (4939, 22, 2, 0, 9, 11, 86, '2022-08-04 17:45:54'), (4940, 23, 5, 9, 5, 19, 86, '2022-08-04 17:45:54'), (4941, 24, 3, 4, 5, 12, 86, '2022-08-04 17:45:54'), (4942, 25, 7, 9, 3, 19, 86, '2022-08-04 17:45:54'), (4943, 22, 6, 3, 1, 10, 87, '2022-08-04 17:51:54'), (4944, 23, 4, 8, 8, 20, 87, '2022-08-04 17:51:54'), (4945, 24, 2, 7, 2, 11, 87, '2022-08-04 17:51:54'), (4946, 25, 4, 7, 9, 20, 87, '2022-08-04 17:51:54'), (4947, 22, 2, 5, 3, 10, 88, '2022-08-04 17:57:54'), (4948, 23, 9, 7, 9, 25, 88, '2022-08-04 17:57:54'), (4949, 24, 8, 5, 4, 17, 88, '2022-08-04 17:57:54'), (4950, 25, 3, 7, 5, 15, 88, '2022-08-04 17:57:54'), (4951, 22, 2, 5, 5, 12, 89, '2022-08-04 18:03:54'), (4952, 23, 5, 7, 0, 12, 89, '2022-08-04 18:03:54'), (4953, 24, 7, 7, 1, 15, 89, '2022-08-04 18:03:54'), (4954, 25, 9, 9, 7, 25, 89, '2022-08-04 18:03:54'), (4955, 22, 9, 3, 8, 20, 90, '2022-08-04 18:09:54'), (4956, 23, 1, 3, 4, 8, 90, '2022-08-04 18:09:54'), (4957, 24, 2, 3, 2, 7, 90, '2022-08-04 18:09:54'), (4958, 25, 5, 3, 6, 14, 90, '2022-08-04 18:09:54'), (4959, 22, 4, 8, 4, 16, 91, '2022-08-04 18:15:54'), (4960, 23, 0, 8, 3, 11, 91, '2022-08-04 18:15:54'), (4961, 24, 3, 5, 5, 13, 91, '2022-08-04 18:15:54'), (4962, 25, 7, 5, 4, 16, 91, '2022-08-04 18:15:54'), (4963, 22, 8, 2, 0, 10, 92, '2022-08-04 18:21:54'), (4964, 23, 1, 7, 6, 14, 92, '2022-08-04 18:21:54'), (4965, 24, 5, 1, 8, 14, 92, '2022-08-04 18:21:54'), (4966, 25, 9, 5, 3, 17, 92, '2022-08-04 18:21:54'), (4967, 22, 6, 0, 4, 10, 93, '2022-08-04 18:28:25'), (4968, 23, 9, 9, 4, 22, 93, '2022-08-04 18:28:25'), (4969, 24, 5, 3, 2, 10, 93, '2022-08-04 18:28:25'), (4970, 25, 4, 5, 2, 11, 93, '2022-08-04 18:28:25'), (4971, 22, 1, 2, 9, 12, 94, '2022-08-04 18:33:54'), (4972, 23, 1, 5, 8, 14, 94, '2022-08-04 18:33:54'), (4973, 24, 7, 0, 2, 9, 94, '2022-08-04 18:33:54'), (4974, 25, 9, 2, 0, 11, 94, '2022-08-04 18:33:54'), (4975, 22, 7, 8, 0, 15, 95, '2022-08-04 18:39:54'), (4976, 23, 3, 7, 8, 18, 95, '2022-08-04 18:39:54'), (4977, 24, 8, 0, 3, 11, 95, '2022-08-04 18:39:54'), (4978, 25, 2, 3, 3, 8, 95, '2022-08-04 18:39:54'), (4979, 22, 5, 4, 8, 17, 96, '2022-08-04 18:45:54'), (4980, 23, 7, 0, 8, 15, 96, '2022-08-04 18:45:54'), (4981, 24, 6, 2, 1, 9, 96, '2022-08-04 18:45:54'), (4982, 25, 1, 5, 4, 10, 96, '2022-08-04 18:45:54'), (4983, 22, 1, 7, 6, 14, 97, '2022-08-04 18:51:54'), (4984, 23, 1, 8, 5, 14, 97, '2022-08-04 18:51:54'), (4985, 24, 4, 9, 1, 14, 97, '2022-08-04 18:51:54'), (4986, 25, 8, 5, 8, 21, 97, '2022-08-04 18:51:54'), (4987, 22, 2, 4, 5, 11, 98, '2022-08-04 18:56:56'), (4988, 23, 8, 2, 1, 11, 98, '2022-08-04 18:56:56'), (4989, 24, 9, 3, 2, 14, 98, '2022-08-04 18:56:56'), (4990, 25, 5, 8, 7, 20, 98, '2022-08-04 18:56:56'), (4991, 22, 0, 8, 2, 10, 99, '2022-08-04 19:01:58'), (4992, 23, 1, 3, 0, 4, 99, '2022-08-04 19:01:58'), (4993, 24, 8, 8, 4, 20, 99, '2022-08-04 19:01:58'), (4994, 25, 3, 0, 1, 4, 99, '2022-08-04 19:01:58'), (4995, 22, 5, 8, 4, 17, 100, '2022-08-04 19:07:54'), (4996, 23, 2, 4, 6, 12, 100, '2022-08-04 19:07:54'), (4997, 24, 9, 9, 7, 25, 100, '2022-08-04 19:07:54'), (4998, 25, 7, 8, 5, 20, 100, '2022-08-04 19:07:54'), (4999, 22, 0, 5, 1, 6, 101, '2022-08-04 19:13:54'), (5000, 23, 5, 3, 0, 8, 101, '2022-08-04 19:13:54'), (5001, 24, 1, 5, 7, 13, 101, '2022-08-04 19:13:54'), (5002, 25, 6, 4, 9, 19, 101, '2022-08-04 19:13:54'), (5003, 22, 9, 2, 6, 17, 102, '2022-08-04 19:19:54'), (5004, 23, 4, 7, 9, 20, 102, '2022-08-04 19:19:54'), (5005, 24, 3, 2, 8, 13, 102, '2022-08-04 19:19:54'), (5006, 25, 8, 9, 1, 18, 102, '2022-08-04 19:19:54'), (5007, 22, 8, 1, 4, 13, 103, '2022-08-04 19:25:54'), (5008, 23, 7, 9, 4, 20, 103, '2022-08-04 19:25:54'), (5009, 24, 3, 1, 3, 7, 103, '2022-08-04 19:25:54'), (5010, 25, 4, 2, 4, 10, 103, '2022-08-04 19:25:54'), (5011, 22, 1, 0, 0, 1, 104, '2022-08-04 19:31:54'), (5012, 23, 4, 0, 6, 10, 104, '2022-08-04 19:31:54'), (5013, 24, 9, 6, 8, 23, 104, '2022-08-04 19:31:54'), (5014, 25, 7, 1, 8, 16, 104, '2022-08-04 19:31:54'), (5015, 22, 0, 4, 4, 8, 105, '2022-08-04 19:37:54'), (5016, 23, 0, 6, 5, 11, 105, '2022-08-04 19:37:54'), (5017, 24, 3, 4, 9, 16, 105, '2022-08-04 19:37:54'), (5018, 25, 7, 5, 2, 14, 105, '2022-08-04 19:37:54'), (5019, 22, 0, 6, 4, 10, 106, '2022-08-04 19:43:25'), (5020, 23, 9, 5, 5, 19, 106, '2022-08-04 19:43:25'), (5021, 24, 8, 8, 6, 22, 106, '2022-08-04 19:43:25'), (5022, 25, 3, 7, 9, 19, 106, '2022-08-04 19:43:25'), (5023, 22, 3, 9, 1, 13, 107, '2022-08-04 19:48:54'), (5024, 23, 0, 3, 6, 9, 107, '2022-08-04 19:48:54'), (5025, 24, 8, 6, 8, 22, 107, '2022-08-04 19:48:54'), (5026, 25, 8, 1, 1, 10, 107, '2022-08-04 19:48:54'), (5027, 22, 3, 6, 1, 10, 108, '2022-08-04 19:53:55'), (5028, 23, 4, 4, 3, 11, 108, '2022-08-04 19:53:56'), (5029, 24, 0, 8, 0, 8, 108, '2022-08-04 19:53:56'), (5030, 25, 8, 8, 2, 18, 108, '2022-08-04 19:53:56'), (5031, 22, 2, 9, 4, 15, 109, '2022-08-04 19:59:53'), (5032, 23, 4, 5, 4, 13, 109, '2022-08-04 19:59:53'), (5033, 24, 7, 2, 1, 10, 109, '2022-08-04 19:59:54'), (5034, 25, 0, 7, 5, 12, 109, '2022-08-04 19:59:54'), (5035, 22, 0, 9, 6, 15, 110, '2022-08-04 20:04:56'), (5036, 23, 4, 4, 2, 10, 110, '2022-08-04 20:04:56'), (5037, 24, 8, 2, 7, 17, 110, '2022-08-04 20:04:56'), (5038, 25, 3, 0, 0, 3, 110, '2022-08-04 20:04:56'), (5039, 22, 2, 2, 7, 11, 111, '2022-08-04 20:10:53'), (5040, 23, 8, 0, 6, 14, 111, '2022-08-04 20:10:53'), (5041, 24, 2, 7, 1, 10, 111, '2022-08-04 20:10:53'), (5042, 25, 4, 7, 6, 17, 111, '2022-08-04 20:10:53'), (5043, 22, 0, 3, 7, 10, 112, '2022-08-04 20:16:54'), (5044, 23, 8, 4, 8, 20, 112, '2022-08-04 20:16:54'), (5045, 24, 3, 4, 1, 8, 112, '2022-08-04 20:16:54'), (5046, 25, 3, 1, 3, 7, 112, '2022-08-04 20:16:54'), (5047, 22, 3, 5, 3, 11, 113, '2022-08-04 20:22:54'), (5048, 23, 3, 9, 8, 20, 113, '2022-08-04 20:22:54'), (5049, 24, 4, 5, 5, 14, 113, '2022-08-04 20:22:54'), (5050, 25, 1, 3, 7, 11, 113, '2022-08-04 20:22:54'), (5051, 22, 3, 4, 7, 14, 114, '2022-08-04 20:28:53'), (5052, 23, 8, 2, 0, 10, 114, '2022-08-04 20:28:53'), (5053, 24, 6, 0, 5, 11, 114, '2022-08-04 20:28:53'), (5054, 25, 1, 0, 5, 6, 114, '2022-08-04 20:28:53'), (5055, 22, 1, 5, 5, 11, 115, '2022-08-04 20:34:54'), (5056, 23, 8, 8, 5, 21, 115, '2022-08-04 20:34:54'), (5057, 24, 3, 0, 4, 7, 115, '2022-08-04 20:34:54'), (5058, 25, 2, 4, 6, 12, 115, '2022-08-04 20:34:54'), (5059, 22, 7, 7, 4, 18, 116, '2022-08-04 20:39:56'), (5060, 23, 4, 7, 1, 12, 116, '2022-08-04 20:39:56'), (5061, 24, 8, 9, 1, 18, 116, '2022-08-04 20:39:56'), (5062, 25, 2, 6, 2, 10, 116, '2022-08-04 20:39:56'), (5063, 22, 6, 5, 0, 11, 117, '2022-08-04 20:45:54'), (5064, 23, 3, 2, 7, 12, 117, '2022-08-04 20:45:54'), (5065, 24, 9, 0, 0, 9, 117, '2022-08-04 20:45:54'), (5066, 25, 1, 9, 2, 12, 117, '2022-08-04 20:45:54'), (5067, 22, 4, 4, 2, 10, 118, '2022-08-04 20:51:53'), (5068, 23, 0, 0, 2, 2, 118, '2022-08-04 20:51:53'), (5069, 24, 6, 1, 9, 16, 118, '2022-08-04 20:51:53'), (5070, 25, 1, 5, 8, 14, 118, '2022-08-04 20:51:53'), (5071, 22, 7, 3, 1, 11, 119, '2022-08-04 20:57:53'), (5072, 23, 7, 5, 4, 16, 119, '2022-08-04 20:57:53'), (5073, 24, 6, 6, 4, 16, 119, '2022-08-04 20:57:53'), (5074, 25, 7, 0, 0, 7, 119, '2022-08-04 20:57:53'), (5075, 22, 4, 4, 5, 13, 120, '2022-08-04 21:02:56'), (5076, 23, 4, 2, 8, 14, 120, '2022-08-04 21:02:56'), (5077, 24, 8, 1, 7, 16, 120, '2022-08-04 21:02:56'), (5078, 25, 3, 4, 7, 14, 120, '2022-08-04 21:02:56'), (5079, 22, 1, 0, 6, 7, 121, '2022-08-04 21:07:57'), (5080, 23, 8, 9, 3, 20, 121, '2022-08-04 21:07:57'), (5081, 24, 8, 8, 4, 20, 121, '2022-08-04 21:07:57'), (5082, 25, 3, 6, 3, 12, 121, '2022-08-04 21:07:57'), (5083, 22, 1, 0, 8, 9, 122, '2022-08-04 21:13:53'), (5084, 23, 1, 1, 3, 5, 122, '2022-08-04 21:13:53'), (5085, 24, 2, 7, 5, 14, 122, '2022-08-04 21:13:53'), (5086, 25, 9, 5, 5, 19, 122, '2022-08-04 21:13:53'), (5087, 22, 6, 2, 4, 12, 123, '2022-08-04 21:18:56'), (5088, 23, 3, 9, 8, 20, 123, '2022-08-04 21:18:56'), (5089, 24, 0, 6, 0, 6, 123, '2022-08-04 21:18:56'), (5090, 25, 2, 7, 8, 17, 123, '2022-08-04 21:18:56'), (5091, 22, 2, 3, 1, 6, 124, '2022-08-04 21:24:54'), (5092, 23, 6, 8, 8, 22, 124, '2022-08-04 21:24:54'), (5093, 24, 6, 8, 4, 18, 124, '2022-08-04 21:24:54'), (5094, 25, 3, 3, 4, 10, 124, '2022-08-04 21:24:54'), (5095, 22, 4, 3, 0, 7, 125, '2022-08-04 21:29:55'), (5096, 23, 3, 1, 2, 6, 125, '2022-08-04 21:29:55'), (5097, 24, 6, 4, 1, 11, 125, '2022-08-04 21:29:56'), (5098, 25, 6, 8, 1, 15, 125, '2022-08-04 21:29:56'), (5099, 22, 2, 1, 2, 5, 126, '2022-08-04 21:35:54'), (5100, 23, 3, 0, 1, 4, 126, '2022-08-04 21:35:54'), (5101, 24, 9, 4, 6, 19, 126, '2022-08-04 21:35:54'), (5102, 25, 3, 3, 5, 11, 126, '2022-08-04 21:35:54'), (5103, 22, 9, 2, 4, 15, 127, '2022-08-04 21:41:53'), (5104, 23, 5, 6, 3, 14, 127, '2022-08-04 21:41:53'), (5105, 24, 6, 1, 1, 8, 127, '2022-08-04 21:41:53'), (5106, 25, 3, 8, 5, 16, 127, '2022-08-04 21:41:53'), (5107, 22, 6, 5, 2, 13, 128, '2022-08-04 21:46:56'), (5108, 23, 0, 5, 9, 14, 128, '2022-08-04 21:46:56'), (5109, 24, 7, 7, 9, 23, 128, '2022-08-04 21:46:56'), (5110, 25, 5, 5, 8, 18, 128, '2022-08-04 21:46:56'), (5111, 22, 2, 4, 1, 7, 129, '2022-08-04 21:52:53'), (5112, 23, 6, 9, 5, 20, 129, '2022-08-04 21:52:53'), (5113, 24, 7, 7, 5, 19, 129, '2022-08-04 21:52:53'), (5114, 25, 4, 7, 9, 20, 129, '2022-08-04 21:52:53'), (5115, 22, 0, 8, 7, 15, 130, '2022-08-04 21:57:55'), (5116, 23, 0, 6, 0, 6, 130, '2022-08-04 21:57:55'), (5117, 24, 1, 8, 0, 9, 130, '2022-08-04 21:57:55'), (5118, 25, 8, 4, 0, 12, 130, '2022-08-04 21:57:55'), (5119, 22, 2, 8, 0, 10, 131, '2022-08-04 22:03:54'), (5120, 23, 4, 0, 1, 5, 131, '2022-08-04 22:03:59'), (5121, 24, 1, 2, 6, 9, 131, '2022-08-04 22:03:59'), (5122, 25, 6, 6, 9, 21, 131, '2022-08-04 22:03:59'), (5123, 22, 3, 5, 1, 9, 132, '2022-08-04 22:09:13'), (5124, 23, 0, 0, 7, 7, 132, '2022-08-04 22:09:14'), (5125, 24, 7, 5, 8, 20, 132, '2022-08-04 22:09:14'), (5126, 25, 0, 8, 9, 17, 132, '2022-08-04 22:09:14'), (5127, 22, 0, 1, 8, 9, 133, '2022-08-04 22:14:17'), (5128, 23, 1, 4, 5, 10, 133, '2022-08-04 22:14:17'), (5129, 24, 9, 5, 2, 16, 133, '2022-08-04 22:14:17'), (5130, 25, 2, 4, 8, 14, 133, '2022-08-04 22:14:17'), (5131, 22, 1, 7, 2, 10, 134, '2022-08-04 22:19:19'), (5132, 23, 7, 1, 2, 10, 134, '2022-08-04 22:19:24'), (5133, 24, 5, 1, 3, 9, 134, '2022-08-04 22:19:24'), (5134, 25, 1, 5, 5, 11, 134, '2022-08-04 22:19:24'), (5135, 22, 5, 2, 0, 7, 135, '2022-08-04 22:24:59'), (5136, 23, 1, 0, 4, 5, 135, '2022-08-04 22:25:00'), (5137, 24, 7, 1, 3, 11, 135, '2022-08-04 22:25:00'), (5138, 25, 5, 1, 9, 15, 135, '2022-08-04 22:25:00'), (5139, 22, 8, 2, 7, 17, 136, '2022-08-04 22:30:01'), (5140, 23, 9, 9, 4, 22, 136, '2022-08-04 22:30:01'), (5141, 24, 1, 5, 0, 6, 136, '2022-08-04 22:30:01'), (5142, 25, 9, 8, 0, 17, 136, '2022-08-04 22:30:01'), (5143, 22, 8, 2, 8, 18, 137, '2022-08-04 22:35:53'), (5144, 23, 2, 6, 1, 9, 137, '2022-08-04 22:35:53'), (5145, 24, 0, 8, 8, 16, 137, '2022-08-04 22:35:53'), (5146, 25, 2, 3, 2, 7, 137, '2022-08-04 22:35:53'), (5147, 22, 8, 8, 3, 19, 138, '2022-08-06 21:01:43'), (5148, 23, 3, 1, 4, 8, 138, '2022-08-06 21:01:43'), (5149, 24, 0, 1, 4, 5, 138, '2022-08-06 21:01:43'), (5150, 25, 6, 8, 0, 14, 138, '2022-08-06 21:01:43'), (5151, 22, 1, 5, 5, 11, 139, '2022-08-06 21:07:15'), (5152, 23, 5, 1, 6, 12, 139, '2022-08-06 21:07:15'), (5153, 24, 1, 2, 0, 3, 139, '2022-08-06 21:07:15'), (5154, 25, 2, 2, 9, 13, 139, '2022-08-06 21:07:15'), (5155, 22, 5, 6, 4, 15, 140, '2022-08-06 21:12:17'), (5156, 23, 3, 8, 8, 19, 140, '2022-08-06 21:12:17'), (5157, 24, 5, 6, 2, 13, 140, '2022-08-06 21:12:17'), (5158, 25, 3, 2, 0, 5, 140, '2022-08-06 21:12:17'), (5159, 22, 4, 2, 1, 7, 141, '2022-08-06 21:17:19'), (5160, 23, 5, 5, 4, 14, 141, '2022-08-06 21:17:19'), (5161, 24, 1, 8, 0, 9, 141, '2022-08-06 21:17:19'), (5162, 25, 9, 3, 5, 17, 141, '2022-08-06 21:17:19'), (5163, 22, 5, 8, 7, 20, 142, '2022-08-07 15:02:03'), (5164, 23, 1, 0, 4, 5, 142, '2022-08-07 15:02:03'), (5165, 24, 5, 9, 4, 18, 142, '2022-08-07 15:02:03'), (5166, 25, 4, 3, 0, 7, 142, '2022-08-07 15:02:03'), (5167, 22, 9, 2, 3, 14, 143, '2022-08-07 15:08:16'), (5168, 23, 4, 0, 0, 4, 143, '2022-08-07 15:08:16'), (5169, 24, 8, 0, 3, 11, 143, '2022-08-07 15:08:16'), (5170, 25, 6, 3, 1, 10, 143, '2022-08-07 15:08:16'), (5171, 22, 9, 5, 4, 18, 144, '2022-08-07 15:13:49'), (5172, 23, 8, 3, 5, 16, 144, '2022-08-07 15:13:49'), (5173, 24, 8, 4, 9, 21, 144, '2022-08-07 15:13:49'), (5174, 25, 3, 7, 6, 16, 144, '2022-08-07 15:13:49'), (5175, 22, 1, 1, 0, 2, 145, '2022-08-07 15:20:19'), (5176, 23, 8, 2, 7, 17, 145, '2022-08-07 15:20:19'), (5177, 24, 0, 6, 1, 7, 145, '2022-08-07 15:20:19'), (5178, 25, 8, 3, 0, 11, 145, '2022-08-07 15:20:19'), (5179, 22, 2, 6, 8, 16, 146, '2022-08-07 15:25:49'), (5180, 23, 6, 5, 2, 13, 146, '2022-08-07 15:25:49'), (5181, 24, 9, 4, 2, 15, 146, '2022-08-07 15:25:49'), (5182, 25, 1, 6, 6, 13, 146, '2022-08-07 15:25:49'), (5183, 22, 3, 5, 6, 14, 147, '2022-08-07 15:32:19'), (5184, 23, 3, 4, 1, 8, 147, '2022-08-07 15:32:19'), (5185, 24, 0, 4, 2, 6, 147, '2022-08-07 15:32:19'), (5186, 25, 9, 4, 3, 16, 147, '2022-08-07 15:32:19'), (5187, 22, 0, 2, 6, 8, 148, '2022-08-07 15:37:21'), (5188, 23, 6, 6, 1, 13, 148, '2022-08-07 15:37:21'), (5189, 24, 6, 4, 6, 16, 148, '2022-08-07 15:37:21'), (5190, 25, 9, 4, 1, 14, 148, '2022-08-07 15:37:21'), (5191, 22, 0, 0, 2, 2, 149, '2022-08-07 15:42:54'), (5192, 23, 3, 3, 3, 9, 149, '2022-08-07 15:42:54'), (5193, 24, 0, 8, 1, 9, 149, '2022-08-07 15:42:54'), (5194, 25, 1, 7, 1, 9, 149, '2022-08-07 15:42:54'), (5195, 22, 0, 8, 6, 14, 150, '2022-08-07 15:49:20'), (5196, 23, 7, 4, 7, 18, 150, '2022-08-07 15:49:20'), (5197, 24, 4, 3, 4, 11, 150, '2022-08-07 15:49:20'), (5198, 25, 6, 5, 6, 17, 150, '2022-08-07 15:49:20'), (5199, 22, 1, 8, 6, 15, 151, '2022-08-07 15:54:49'), (5200, 23, 9, 6, 8, 23, 151, '2022-08-07 15:54:49'), (5201, 24, 9, 2, 2, 13, 151, '2022-08-07 15:54:49'), (5202, 25, 9, 0, 7, 16, 151, '2022-08-07 15:54:49'), (5203, 22, 8, 8, 0, 16, 152, '2022-08-07 16:00:21'), (5204, 23, 5, 5, 2, 12, 152, '2022-08-07 16:00:21'), (5205, 24, 3, 4, 5, 12, 152, '2022-08-07 16:00:21'), (5206, 25, 8, 8, 4, 20, 152, '2022-08-07 16:00:21'), (5207, 22, 0, 5, 8, 13, 153, '2022-08-07 16:05:52'), (5208, 23, 5, 3, 8, 16, 153, '2022-08-07 16:05:52'), (5209, 24, 9, 3, 4, 16, 153, '2022-08-07 16:05:52'), (5210, 25, 8, 8, 8, 24, 153, '2022-08-07 16:05:52'), (5211, 22, 9, 0, 5, 14, 154, '2022-08-07 16:12:19'), (5212, 23, 5, 4, 7, 16, 154, '2022-08-07 16:12:19'), (5213, 24, 0, 1, 7, 8, 154, '2022-08-07 16:12:19'), (5214, 25, 4, 0, 9, 13, 154, '2022-08-07 16:12:19'), (5215, 22, 5, 4, 5, 14, 155, '2022-08-07 16:17:50'), (5216, 23, 3, 2, 0, 5, 155, '2022-08-07 16:17:50'), (5217, 24, 3, 2, 9, 14, 155, '2022-08-07 16:17:50'), (5218, 25, 5, 9, 2, 16, 155, '2022-08-07 16:17:50'), (5219, 22, 5, 4, 9, 18, 156, '2022-08-07 16:24:19'), (5220, 23, 0, 2, 7, 9, 156, '2022-08-07 16:24:19'), (5221, 24, 4, 7, 7, 18, 156, '2022-08-07 16:24:19'), (5222, 25, 2, 4, 1, 7, 156, '2022-08-07 16:24:19'), (5223, 22, 7, 6, 0, 13, 157, '2022-08-07 16:29:21'), (5224, 23, 8, 2, 7, 17, 157, '2022-08-07 16:29:21'), (5225, 24, 3, 1, 4, 8, 157, '2022-08-07 16:29:21'), (5226, 25, 5, 6, 4, 15, 157, '2022-08-07 16:29:21'), (5227, 22, 4, 1, 5, 10, 158, '2022-08-07 16:35:20'), (5228, 23, 5, 9, 2, 16, 158, '2022-08-07 16:35:20'), (5229, 24, 3, 5, 8, 16, 158, '2022-08-07 16:35:20'), (5230, 25, 6, 9, 0, 15, 158, '2022-08-07 16:35:20'), (5231, 22, 2, 1, 3, 6, 159, '2022-08-07 16:40:49'), (5232, 23, 4, 4, 8, 16, 159, '2022-08-07 16:40:49'), (5233, 24, 9, 6, 6, 21, 159, '2022-08-07 16:40:49'), (5234, 25, 0, 5, 1, 6, 159, '2022-08-07 16:40:49'), (5235, 22, 4, 8, 7, 19, 160, '2022-08-07 16:47:18'), (5236, 23, 2, 5, 4, 11, 160, '2022-08-07 16:47:18'), (5237, 24, 2, 1, 1, 4, 160, '2022-08-07 16:47:18'), (5238, 25, 2, 9, 0, 11, 160, '2022-08-07 16:47:18'), (5239, 22, 7, 6, 6, 19, 161, '2022-08-07 16:52:49'), (5240, 23, 7, 9, 5, 21, 161, '2022-08-07 16:52:49'), (5241, 24, 5, 7, 3, 15, 161, '2022-08-07 16:52:49'), (5242, 25, 4, 5, 7, 16, 161, '2022-08-07 16:52:49'), (5243, 22, 4, 0, 8, 12, 162, '2022-08-07 16:58:21'), (5244, 23, 0, 8, 7, 15, 162, '2022-08-07 16:58:21'), (5245, 24, 1, 5, 5, 11, 162, '2022-08-07 16:58:21'), (5246, 25, 1, 2, 7, 10, 162, '2022-08-07 16:58:21'), (5247, 22, 2, 9, 6, 17, 163, '2022-08-07 17:03:54'), (5248, 23, 1, 4, 1, 6, 163, '2022-08-07 17:03:54'), (5249, 24, 0, 2, 8, 10, 163, '2022-08-07 17:03:54'), (5250, 25, 5, 8, 1, 14, 163, '2022-08-07 17:03:54'), (5251, 22, 8, 3, 8, 19, 164, '2022-08-07 17:10:21'), (5252, 23, 6, 8, 5, 19, 164, '2022-08-07 17:10:21'), (5253, 24, 4, 5, 0, 9, 164, '2022-08-07 17:10:21'), (5254, 25, 6, 8, 2, 16, 164, '2022-08-07 17:10:21'), (5255, 22, 7, 8, 9, 24, 165, '2022-08-07 17:15:23'), (5256, 23, 8, 1, 5, 14, 165, '2022-08-07 17:15:26'), (5257, 24, 1, 6, 0, 7, 165, '2022-08-07 17:15:26'), (5258, 25, 9, 9, 4, 22, 165, '2022-08-07 17:15:26'), (5259, 22, 5, 0, 8, 13, 166, '2022-08-07 17:20:52'), (5260, 23, 3, 8, 0, 11, 166, '2022-08-07 17:20:52'), (5261, 24, 8, 2, 7, 17, 166, '2022-08-07 17:20:52'), (5262, 25, 7, 1, 7, 15, 166, '2022-08-07 17:20:52'), (5263, 22, 4, 4, 5, 13, 167, '2022-08-07 17:27:18'), (5264, 23, 0, 3, 2, 5, 167, '2022-08-07 17:27:18'), (5265, 24, 7, 8, 6, 21, 167, '2022-08-07 17:27:18'), (5266, 25, 1, 2, 5, 8, 167, '2022-08-07 17:27:18'), (5267, 22, 4, 8, 9, 21, 168, '2022-08-07 17:32:49'), (5268, 23, 6, 6, 3, 15, 168, '2022-08-07 17:32:49'), (5269, 24, 4, 4, 6, 14, 168, '2022-08-07 17:32:49'), (5270, 25, 0, 9, 4, 13, 168, '2022-08-07 17:32:49'), (5271, 22, 4, 0, 0, 4, 169, '2022-08-07 17:39:21'), (5272, 23, 7, 5, 0, 12, 169, '2022-08-07 17:39:21'), (5273, 24, 8, 2, 3, 13, 169, '2022-08-07 17:39:21'), (5274, 25, 2, 6, 6, 14, 169, '2022-08-07 17:39:21'), (5275, 22, 5, 6, 0, 11, 170, '2022-08-07 17:44:23'), (5276, 23, 2, 3, 5, 10, 170, '2022-08-07 17:44:23'), (5277, 24, 5, 8, 4, 17, 170, '2022-08-07 17:44:23'), (5278, 25, 7, 1, 1, 9, 170, '2022-08-07 17:44:23'), (5279, 22, 6, 5, 5, 16, 171, '2022-08-07 17:50:20'), (5280, 23, 3, 0, 1, 4, 171, '2022-08-07 17:50:20'), (5281, 24, 1, 3, 7, 11, 171, '2022-08-07 17:50:20'), (5282, 25, 8, 0, 5, 13, 171, '2022-08-07 17:50:20'), (5283, 22, 9, 6, 3, 18, 172, '2022-08-07 17:56:18'), (5284, 23, 9, 8, 3, 20, 172, '2022-08-07 17:56:18'), (5285, 24, 9, 1, 7, 17, 172, '2022-08-07 17:56:18'), (5286, 25, 6, 7, 7, 20, 172, '2022-08-07 17:56:18'), (5287, 22, 4, 5, 5, 14, 173, '2022-08-07 18:02:06'), (5288, 23, 5, 5, 5, 15, 173, '2022-08-07 18:02:06'), (5289, 24, 3, 6, 1, 10, 173, '2022-08-07 18:02:06'), (5290, 25, 5, 2, 2, 9, 173, '2022-08-07 18:02:06'), (5291, 22, 6, 3, 1, 10, 174, '2022-08-07 18:07:08'), (5292, 23, 5, 3, 0, 8, 174, '2022-08-07 18:07:10'), (5293, 24, 7, 2, 4, 13, 174, '2022-08-07 18:07:10'), (5294, 25, 1, 4, 6, 11, 174, '2022-08-07 18:07:10'), (5295, 22, 2, 6, 1, 9, 175, '2022-08-07 18:12:52'), (5296, 23, 4, 3, 3, 10, 175, '2022-08-07 18:12:52'), (5297, 24, 7, 4, 6, 17, 175, '2022-08-07 18:12:52'), (5298, 25, 6, 3, 8, 17, 175, '2022-08-07 18:12:52'), (5299, 22, 3, 3, 8, 14, 176, '2022-08-07 18:19:20'), (5300, 23, 6, 0, 5, 11, 176, '2022-08-07 18:19:20'), (5301, 24, 6, 9, 0, 15, 176, '2022-08-07 18:19:20'), (5302, 25, 2, 5, 9, 16, 176, '2022-08-07 18:19:20'), (5303, 22, 3, 2, 9, 14, 177, '2022-08-07 18:24:49'), (5304, 23, 8, 9, 7, 24, 177, '2022-08-07 18:24:49'), (5305, 24, 4, 4, 6, 14, 177, '2022-08-07 18:24:49'), (5306, 25, 3, 3, 5, 11, 177, '2022-08-07 18:24:49'), (5307, 22, 7, 1, 2, 10, 178, '2022-08-07 18:29:51'), (5308, 23, 6, 5, 2, 13, 178, '2022-08-07 18:29:51'), (5309, 24, 2, 8, 2, 12, 178, '2022-08-07 18:29:51'), (5310, 25, 2, 3, 8, 13, 178, '2022-08-07 18:29:51'), (5311, 22, 5, 7, 5, 17, 179, '2022-08-07 18:36:19'), (5312, 23, 7, 3, 0, 10, 179, '2022-08-07 18:36:19'), (5313, 24, 5, 6, 3, 14, 179, '2022-08-07 18:36:19'), (5314, 25, 7, 1, 9, 17, 179, '2022-08-07 18:36:19'), (5315, 22, 8, 1, 7, 16, 180, '2022-08-07 18:41:49'), (5316, 23, 6, 5, 8, 19, 180, '2022-08-07 18:41:49'), (5317, 24, 5, 0, 1, 6, 180, '2022-08-07 18:41:49'), (5318, 25, 5, 7, 7, 19, 180, '2022-08-07 18:41:49'), (5319, 22, 3, 3, 4, 10, 181, '2022-08-07 18:46:51'), (5320, 23, 1, 3, 6, 10, 181, '2022-08-07 18:46:51'), (5321, 24, 0, 2, 4, 6, 181, '2022-08-07 18:46:51'), (5322, 25, 7, 6, 9, 22, 181, '2022-08-07 18:46:51'), (5323, 22, 6, 6, 2, 14, 182, '2022-08-07 18:52:25'), (5324, 23, 0, 0, 1, 1, 182, '2022-08-07 18:52:27'), (5325, 24, 6, 6, 3, 15, 182, '2022-08-07 18:52:27'), (5326, 25, 7, 7, 0, 14, 182, '2022-08-07 18:52:27'), (5327, 22, 7, 9, 5, 21, 183, '2022-08-07 18:57:28'), (5328, 23, 1, 6, 0, 7, 183, '2022-08-07 18:57:28'), (5329, 24, 1, 3, 1, 5, 183, '2022-08-07 18:57:28'), (5330, 25, 3, 4, 0, 7, 183, '2022-08-07 18:57:28'), (5331, 22, 2, 2, 4, 8, 184, '2022-08-07 19:02:49'), (5332, 23, 2, 9, 2, 13, 184, '2022-08-07 19:02:49'), (5333, 24, 9, 5, 5, 19, 184, '2022-08-07 19:02:49'), (5334, 25, 8, 0, 4, 12, 184, '2022-08-07 19:02:49'), (5335, 22, 4, 8, 2, 14, 185, '2022-08-07 19:08:23'), (5336, 23, 2, 7, 3, 12, 185, '2022-08-07 19:08:23'), (5337, 24, 5, 4, 4, 13, 185, '2022-08-07 19:08:23'), (5338, 25, 4, 0, 4, 8, 185, '2022-08-07 19:08:23'), (5339, 22, 2, 2, 1, 5, 186, '2022-08-07 19:13:49'), (5340, 23, 2, 4, 3, 9, 186, '2022-08-07 19:13:49'), (5341, 24, 5, 5, 7, 17, 186, '2022-08-07 19:13:49'), (5342, 25, 5, 1, 9, 15, 186, '2022-08-07 19:13:49'), (5343, 22, 6, 7, 2, 15, 187, '2022-08-07 19:18:51'), (5344, 23, 6, 7, 6, 19, 187, '2022-08-07 19:18:51'), (5345, 24, 9, 3, 1, 13, 187, '2022-08-07 19:18:51'), (5346, 25, 9, 2, 1, 12, 187, '2022-08-07 19:18:51'), (5347, 22, 1, 2, 2, 5, 188, '2022-08-07 19:23:53'), (5348, 23, 2, 5, 8, 15, 188, '2022-08-07 19:23:53'), (5349, 24, 7, 5, 7, 19, 188, '2022-08-07 19:23:53'), (5350, 25, 1, 6, 3, 10, 188, '2022-08-07 19:23:53'), (5351, 22, 0, 3, 8, 11, 189, '2022-08-07 19:29:49'), (5352, 23, 5, 7, 3, 15, 189, '2022-08-07 19:29:49'), (5353, 24, 5, 9, 5, 19, 189, '2022-08-07 19:29:49'), (5354, 25, 8, 8, 7, 23, 189, '2022-08-07 19:29:49'), (5355, 22, 4, 3, 1, 8, 190, '2022-08-07 19:36:20'), (5356, 23, 0, 0, 0, 0, 190, '2022-08-07 19:36:20'), (5357, 24, 8, 3, 0, 11, 190, '2022-08-07 19:36:20'), (5358, 25, 5, 2, 4, 11, 190, '2022-08-07 19:36:20'), (5359, 22, 9, 2, 7, 18, 191, '2022-08-07 19:41:49'), (5360, 23, 4, 4, 8, 16, 191, '2022-08-07 19:41:49'), (5361, 24, 6, 4, 1, 11, 191, '2022-08-07 19:41:49'), (5362, 25, 7, 8, 7, 22, 191, '2022-08-07 19:41:49'), (5363, 22, 0, 6, 6, 12, 192, '2022-08-07 19:46:51'), (5364, 23, 7, 9, 2, 18, 192, '2022-08-07 19:46:51'), (5365, 24, 6, 4, 1, 11, 192, '2022-08-07 19:46:51'), (5366, 25, 1, 7, 0, 8, 192, '2022-08-07 19:46:51'), (5367, 22, 2, 7, 2, 11, 193, '2022-08-07 19:53:11'), (5368, 23, 5, 8, 0, 13, 193, '2022-08-07 19:53:11'), (5369, 24, 2, 2, 2, 6, 193, '2022-08-07 19:53:11'), (5370, 25, 7, 9, 2, 18, 193, '2022-08-07 19:53:11'), (5371, 22, 5, 1, 7, 13, 194, '2022-08-07 19:58:49'), (5372, 23, 0, 6, 6, 12, 194, '2022-08-07 19:58:49'), (5373, 24, 9, 4, 7, 20, 194, '2022-08-07 19:58:49'), (5374, 25, 0, 9, 7, 16, 194, '2022-08-07 19:58:49'), (5375, 22, 9, 1, 6, 16, 195, '2022-08-07 20:04:49'), (5376, 23, 0, 8, 7, 15, 195, '2022-08-07 20:04:49'), (5377, 24, 5, 8, 0, 13, 195, '2022-08-07 20:04:49'), (5378, 25, 9, 9, 0, 18, 195, '2022-08-07 20:04:49'), (5379, 22, 6, 8, 0, 14, 196, '2022-08-07 20:10:49'), (5380, 23, 4, 5, 4, 13, 196, '2022-08-07 20:10:49'), (5381, 24, 3, 3, 4, 10, 196, '2022-08-07 20:10:49'), (5382, 25, 8, 0, 9, 17, 196, '2022-08-07 20:10:49'), (5383, 22, 1, 5, 4, 10, 197, '2022-08-07 20:17:19'), (5384, 23, 1, 1, 7, 9, 197, '2022-08-07 20:17:19'), (5385, 24, 4, 1, 4, 9, 197, '2022-08-07 20:17:20'), (5386, 25, 4, 4, 7, 15, 197, '2022-08-07 20:17:20'), (5387, 22, 4, 2, 3, 9, 198, '2022-08-07 20:22:22'), (5388, 23, 9, 8, 5, 22, 198, '2022-08-07 20:22:22'), (5389, 24, 3, 9, 8, 20, 198, '2022-08-07 20:22:22'), (5390, 25, 2, 5, 9, 16, 198, '2022-08-07 20:22:22'), (5391, 22, 3, 4, 0, 7, 199, '2022-08-07 20:28:20'), (5392, 23, 5, 6, 6, 17, 199, '2022-08-07 20:28:20'), (5393, 24, 9, 6, 2, 17, 199, '2022-08-07 20:28:20'), (5394, 25, 7, 6, 2, 15, 199, '2022-08-07 20:28:20'), (5395, 22, 8, 1, 2, 11, 200, '2022-08-07 20:34:18'), (5396, 23, 4, 7, 3, 14, 200, '2022-08-07 20:34:19'), (5397, 24, 9, 1, 6, 16, 200, '2022-08-07 20:34:19'), (5398, 25, 7, 8, 1, 16, 200, '2022-08-07 20:34:19'), (5399, 22, 3, 7, 7, 17, 201, '2022-08-07 20:39:21'), (5400, 23, 0, 9, 3, 12, 201, '2022-08-07 20:39:21'), (5401, 24, 1, 8, 0, 9, 201, '2022-08-07 20:39:21'), (5402, 25, 0, 3, 6, 9, 201, '2022-08-07 20:39:21'), (5403, 22, 8, 5, 4, 17, 202, '2022-08-07 20:45:18'), (5404, 23, 3, 9, 0, 12, 202, '2022-08-07 20:45:23'), (5405, 24, 7, 7, 5, 19, 202, '2022-08-07 20:45:23'), (5406, 25, 4, 9, 0, 13, 202, '2022-08-07 20:45:23'), (5407, 22, 2, 4, 0, 6, 203, '2022-08-11 19:09:20'), (5408, 23, 3, 2, 7, 12, 203, '2022-08-11 19:09:20'), (5409, 24, 3, 6, 7, 16, 203, '2022-08-11 19:09:20'), (5410, 25, 7, 8, 5, 20, 203, '2022-08-11 19:09:20'), (5411, 22, 7, 4, 3, 14, 204, '2022-08-11 19:10:21'), (5412, 23, 6, 4, 2, 12, 204, '2022-08-11 19:10:21'), (5413, 24, 8, 7, 0, 15, 204, '2022-08-11 19:10:21'), (5414, 25, 8, 8, 1, 17, 204, '2022-08-11 19:10:21'), (5415, 22, 2, 6, 8, 16, 205, '2022-08-11 19:15:53'), (5416, 23, 2, 2, 7, 11, 205, '2022-08-11 19:15:53'), (5417, 24, 5, 8, 5, 18, 205, '2022-08-11 19:15:53'), (5418, 25, 0, 6, 8, 14, 205, '2022-08-11 19:15:53'), (5419, 22, 4, 7, 7, 18, 206, '2022-08-11 19:20:55'), (5420, 23, 9, 0, 9, 18, 206, '2022-08-11 19:20:55'), (5421, 24, 8, 7, 1, 16, 206, '2022-08-11 19:20:55'), (5422, 25, 4, 5, 1, 10, 206, '2022-08-11 19:20:55'), (5423, 22, 9, 8, 1, 18, 207, '2022-08-11 19:25:57'), (5424, 23, 7, 3, 1, 11, 207, '2022-08-11 19:25:57'), (5425, 24, 7, 6, 6, 19, 207, '2022-08-11 19:25:57'), (5426, 25, 2, 0, 4, 6, 207, '2022-08-11 19:25:57'), (5427, 22, 4, 0, 3, 7, 208, '2022-08-11 19:30:59'), (5428, 23, 9, 3, 5, 17, 208, '2022-08-11 19:30:59'), (5429, 24, 6, 4, 5, 15, 208, '2022-08-11 19:30:59'), (5430, 25, 5, 0, 2, 7, 208, '2022-08-11 19:30:59'), (5431, 22, 9, 6, 9, 24, 209, '2022-08-11 19:36:02'), (5432, 23, 0, 0, 5, 5, 209, '2022-08-11 19:36:02'), (5433, 24, 7, 4, 0, 11, 209, '2022-08-11 19:36:02'), (5434, 25, 1, 3, 1, 5, 209, '2022-08-11 19:36:02'), (5435, 22, 1, 8, 5, 14, 210, '2022-08-11 19:41:04'), (5436, 23, 2, 8, 9, 19, 210, '2022-08-11 19:41:04'), (5437, 24, 4, 6, 0, 10, 210, '2022-08-11 19:41:04'), (5438, 25, 6, 7, 3, 16, 210, '2022-08-11 19:41:04'), (5439, 22, 2, 9, 3, 14, 211, '2022-08-11 19:46:06'), (5440, 23, 8, 6, 2, 16, 211, '2022-08-11 19:46:06'), (5441, 24, 6, 1, 3, 10, 211, '2022-08-11 19:46:06'), (5442, 25, 1, 9, 7, 17, 211, '2022-08-11 19:46:06'), (5443, 22, 3, 0, 0, 3, 212, '2022-08-11 19:51:08'), (5444, 23, 0, 9, 2, 11, 212, '2022-08-11 19:51:08'), (5445, 24, 6, 9, 8, 23, 212, '2022-08-11 19:51:08'), (5446, 25, 9, 9, 7, 25, 212, '2022-08-11 19:51:08'), (5447, 22, 7, 5, 3, 15, 213, '2022-08-11 19:56:10'), (5448, 23, 9, 8, 2, 19, 213, '2022-08-11 19:56:10'), (5449, 24, 9, 4, 3, 16, 213, '2022-08-11 19:56:10'), (5450, 25, 7, 8, 0, 15, 213, '2022-08-11 19:56:10'), (5451, 22, 1, 1, 1, 3, 214, '2022-08-11 20:01:12'), (5452, 23, 8, 2, 7, 17, 214, '2022-08-11 20:01:12'), (5453, 24, 1, 5, 8, 14, 214, '2022-08-11 20:01:12'), (5454, 25, 1, 0, 6, 7, 214, '2022-08-11 20:01:12'), (5455, 22, 0, 8, 9, 17, 215, '2022-08-11 20:06:14'), (5456, 23, 2, 9, 7, 18, 215, '2022-08-11 20:06:14'), (5457, 24, 0, 6, 9, 15, 215, '2022-08-11 20:06:14'), (5458, 25, 1, 4, 4, 9, 215, '2022-08-11 20:06:14'), (5459, 22, 7, 7, 3, 17, 216, '2022-08-11 20:11:16'), (5460, 23, 8, 4, 1, 13, 216, '2022-08-11 20:11:16'), (5461, 24, 3, 5, 1, 9, 216, '2022-08-11 20:11:16'), (5462, 25, 4, 1, 7, 12, 216, '2022-08-11 20:11:16'), (5463, 22, 3, 1, 2, 6, 217, '2022-08-11 20:16:18'), (5464, 23, 6, 1, 0, 7, 217, '2022-08-11 20:16:18'), (5465, 24, 3, 1, 5, 9, 217, '2022-08-11 20:16:18'), (5466, 25, 3, 0, 1, 4, 217, '2022-08-11 20:16:18'), (5467, 22, 7, 8, 3, 18, 218, '2022-08-11 20:21:20'), (5468, 23, 1, 4, 2, 7, 218, '2022-08-11 20:21:20'), (5469, 24, 0, 4, 6, 10, 218, '2022-08-11 20:21:20'), (5470, 25, 3, 2, 8, 13, 218, '2022-08-11 20:21:20'), (5471, 22, 2, 5, 2, 9, 219, '2022-08-11 20:26:22'), (5472, 23, 6, 4, 3, 13, 219, '2022-08-11 20:26:22'), (5473, 24, 6, 9, 4, 19, 219, '2022-08-11 20:26:22'), (5474, 25, 3, 0, 4, 7, 219, '2022-08-11 20:26:22'), (5475, 22, 3, 3, 1, 7, 220, '2022-08-11 20:31:24'), (5476, 23, 1, 9, 2, 12, 220, '2022-08-11 20:31:24'), (5477, 24, 3, 2, 9, 14, 220, '2022-08-11 20:31:24'), (5478, 25, 3, 5, 9, 17, 220, '2022-08-11 20:31:24'), (5479, 22, 2, 8, 6, 16, 221, '2022-08-11 20:36:26'), (5480, 23, 0, 0, 0, 0, 221, '2022-08-11 20:36:26'), (5481, 24, 1, 3, 6, 10, 221, '2022-08-11 20:36:26'), (5482, 25, 7, 8, 9, 24, 221, '2022-08-11 20:36:26'), (5483, 22, 1, 9, 8, 18, 222, '2022-08-11 20:41:28'), (5484, 23, 8, 6, 3, 17, 222, '2022-08-11 20:41:28'), (5485, 24, 1, 6, 4, 11, 222, '2022-08-11 20:41:28'), (5486, 25, 8, 8, 9, 25, 222, '2022-08-11 20:41:28'), (5487, 22, 1, 3, 0, 4, 223, '2022-08-11 20:46:30'), (5488, 23, 9, 0, 4, 13, 223, '2022-08-11 20:46:30'), (5489, 24, 5, 8, 7, 20, 223, '2022-08-11 20:46:30'), (5490, 25, 2, 9, 1, 12, 223, '2022-08-11 20:46:30'), (5491, 22, 4, 1, 1, 6, 224, '2022-08-11 20:51:32'), (5492, 23, 4, 0, 0, 4, 224, '2022-08-11 20:51:32'), (5493, 24, 1, 1, 5, 7, 224, '2022-08-11 20:51:32'), (5494, 25, 2, 9, 0, 11, 224, '2022-08-11 20:51:32'), (5495, 22, 1, 6, 6, 13, 225, '2022-08-11 20:56:34'), (5496, 23, 7, 3, 9, 19, 225, '2022-08-11 20:56:34'), (5497, 24, 0, 8, 9, 17, 225, '2022-08-11 20:56:34'), (5498, 25, 6, 8, 2, 16, 225, '2022-08-11 20:56:34'), (5499, 22, 9, 8, 5, 22, 226, '2022-08-11 21:01:36'), (5500, 23, 8, 6, 9, 23, 226, '2022-08-11 21:01:36'), (5501, 24, 8, 6, 1, 15, 226, '2022-08-11 21:01:36'), (5502, 25, 7, 8, 5, 20, 226, '2022-08-11 21:01:36'), (5503, 22, 9, 6, 3, 18, 227, '2022-08-11 21:06:38'), (5504, 23, 4, 5, 7, 16, 227, '2022-08-11 21:06:38'), (5505, 24, 2, 1, 3, 6, 227, '2022-08-11 21:06:38'), (5506, 25, 9, 9, 1, 19, 227, '2022-08-11 21:06:38'), (5507, 22, 2, 2, 6, 10, 228, '2022-08-11 21:11:40'), (5508, 23, 2, 3, 8, 13, 228, '2022-08-11 21:11:40'), (5509, 24, 6, 5, 6, 17, 228, '2022-08-11 21:11:40'), (5510, 25, 7, 3, 3, 13, 228, '2022-08-11 21:11:40'), (5511, 22, 3, 3, 3, 9, 229, '2022-08-11 21:16:42'), (5512, 23, 8, 8, 6, 22, 229, '2022-08-11 21:16:42'), (5513, 24, 2, 2, 4, 8, 229, '2022-08-11 21:16:42'), (5514, 25, 0, 0, 7, 7, 229, '2022-08-11 21:16:42'), (5515, 22, 6, 5, 1, 12, 230, '2022-08-11 21:21:44'), (5516, 23, 0, 9, 6, 15, 230, '2022-08-11 21:21:44'), (5517, 24, 6, 8, 2, 16, 230, '2022-08-11 21:21:44'), (5518, 25, 4, 6, 0, 10, 230, '2022-08-11 21:21:44'), (5519, 22, 1, 4, 3, 8, 231, '2022-08-11 21:26:46'), (5520, 23, 3, 3, 2, 8, 231, '2022-08-11 21:26:46'), (5521, 24, 3, 8, 1, 12, 231, '2022-08-11 21:26:46'), (5522, 25, 7, 9, 9, 25, 231, '2022-08-11 21:26:46'), (5523, 22, 3, 8, 5, 16, 232, '2022-08-11 21:31:48'), (5524, 23, 7, 7, 3, 17, 232, '2022-08-11 21:31:48'), (5525, 24, 1, 1, 2, 4, 232, '2022-08-11 21:31:48'), (5526, 25, 0, 8, 0, 8, 232, '2022-08-11 21:31:48'), (5527, 22, 7, 6, 7, 20, 233, '2022-08-11 21:36:50'), (5528, 23, 2, 9, 0, 11, 233, '2022-08-11 21:36:50'), (5529, 24, 2, 4, 4, 10, 233, '2022-08-11 21:36:50'), (5530, 25, 8, 9, 6, 23, 233, '2022-08-11 21:36:50'), (5531, 22, 6, 5, 0, 11, 234, '2022-08-11 21:41:52'), (5532, 23, 9, 7, 5, 21, 234, '2022-08-11 21:41:52'), (5533, 24, 4, 2, 7, 13, 234, '2022-08-11 21:41:52'), (5534, 25, 0, 4, 9, 13, 234, '2022-08-11 21:41:52'), (5535, 22, 4, 0, 9, 13, 235, '2022-08-11 21:46:54'), (5536, 23, 6, 3, 3, 12, 235, '2022-08-11 21:46:54'), (5537, 24, 4, 4, 4, 12, 235, '2022-08-11 21:46:54'), (5538, 25, 3, 2, 5, 10, 235, '2022-08-11 21:46:54'), (5539, 22, 6, 1, 9, 16, 236, '2022-08-11 21:51:56'), (5540, 23, 7, 4, 6, 17, 236, '2022-08-11 21:51:56'), (5541, 24, 3, 4, 3, 10, 236, '2022-08-11 21:51:56'), (5542, 25, 7, 3, 9, 19, 236, '2022-08-11 21:51:56'), (5543, 22, 5, 0, 7, 12, 237, '2022-08-11 21:56:58'), (5544, 23, 6, 8, 1, 15, 237, '2022-08-11 21:56:58'), (5545, 24, 1, 2, 7, 10, 237, '2022-08-11 21:56:58'), (5546, 25, 2, 5, 7, 14, 237, '2022-08-11 21:56:58'), (5547, 22, 0, 9, 2, 11, 238, '2022-08-11 22:02:00'), (5548, 23, 5, 6, 3, 14, 238, '2022-08-11 22:02:00'), (5549, 24, 8, 6, 7, 21, 238, '2022-08-11 22:02:00'), (5550, 25, 8, 6, 8, 22, 238, '2022-08-11 22:02:00'), (5551, 22, 2, 8, 9, 19, 239, '2022-08-11 22:07:02'), (5552, 23, 2, 6, 1, 9, 239, '2022-08-11 22:07:02'), (5553, 24, 9, 6, 6, 21, 239, '2022-08-11 22:07:02'), (5554, 25, 9, 3, 8, 20, 239, '2022-08-11 22:07:02'), (5555, 22, 6, 3, 9, 18, 240, '2022-08-11 22:12:04'), (5556, 23, 2, 0, 0, 2, 240, '2022-08-11 22:12:04'), (5557, 24, 2, 0, 1, 3, 240, '2022-08-11 22:12:04'), (5558, 25, 0, 9, 6, 15, 240, '2022-08-11 22:12:04'), (5559, 22, 0, 7, 8, 15, 241, '2022-08-11 22:17:06'), (5560, 23, 6, 5, 1, 12, 241, '2022-08-11 22:17:06'), (5561, 24, 7, 1, 3, 11, 241, '2022-08-11 22:17:06'), (5562, 25, 8, 0, 6, 14, 241, '2022-08-11 22:17:06'), (5563, 22, 4, 2, 2, 8, 242, '2022-08-11 22:22:08'), (5564, 23, 0, 1, 6, 7, 242, '2022-08-11 22:22:08'), (5565, 24, 0, 0, 7, 7, 242, '2022-08-11 22:22:08'), (5566, 25, 4, 8, 9, 21, 242, '2022-08-11 22:22:08'), (5567, 22, 7, 0, 0, 7, 243, '2022-08-11 22:27:10'), (5568, 23, 1, 7, 5, 13, 243, '2022-08-11 22:27:10'), (5569, 24, 8, 4, 3, 15, 243, '2022-08-11 22:27:10'), (5570, 25, 1, 5, 5, 11, 243, '2022-08-11 22:27:10'), (5571, 22, 5, 9, 7, 21, 244, '2022-08-11 22:32:12'), (5572, 23, 3, 6, 1, 10, 244, '2022-08-11 22:32:12'), (5573, 24, 2, 7, 8, 17, 244, '2022-08-11 22:32:12'), (5574, 25, 7, 8, 1, 16, 244, '2022-08-11 22:32:12'), (5575, 22, 1, 8, 3, 12, 245, '2022-08-11 22:37:14'), (5576, 23, 5, 5, 0, 10, 245, '2022-08-11 22:37:14'), (5577, 24, 2, 6, 7, 15, 245, '2022-08-11 22:37:14'), (5578, 25, 4, 4, 9, 17, 245, '2022-08-11 22:37:14'), (5579, 22, 1, 3, 4, 8, 246, '2022-08-11 22:42:16'), (5580, 23, 4, 6, 4, 14, 246, '2022-08-11 22:42:16'), (5581, 24, 3, 4, 9, 16, 246, '2022-08-11 22:42:16'), (5582, 25, 8, 9, 1, 18, 246, '2022-08-11 22:42:16'), (5583, 22, 9, 8, 3, 20, 247, '2022-08-11 22:47:18'), (5584, 23, 7, 5, 2, 14, 247, '2022-08-11 22:47:18'), (5585, 24, 3, 1, 7, 11, 247, '2022-08-11 22:47:18'), (5586, 25, 9, 3, 7, 19, 247, '2022-08-11 22:47:18'), (5587, 22, 0, 9, 4, 13, 248, '2022-08-11 22:52:21'), (5588, 23, 6, 6, 7, 19, 248, '2022-08-11 22:52:21');
INSERT INTO `db_gennumber` (` gameNumber_id`, `gameNumber_room_id `, `num1`, `num2`, `num3`, `num_total`, `gen_id`, `gen_time`) VALUES (5589, 24, 0, 4, 4, 8, 248, '2022-08-11 22:52:21'), (5590, 25, 0, 1, 0, 1, 248, '2022-08-11 22:52:21'), (5591, 22, 1, 2, 3, 6, 249, '2022-08-11 22:57:23'), (5592, 23, 6, 9, 8, 23, 249, '2022-08-11 22:57:23'), (5593, 24, 8, 4, 7, 19, 249, '2022-08-11 22:57:23'), (5594, 25, 6, 8, 9, 23, 249, '2022-08-11 22:57:23'), (5595, 22, 4, 6, 6, 16, 250, '2022-08-11 23:02:24'), (5596, 23, 4, 6, 4, 14, 250, '2022-08-11 23:02:24'), (5597, 24, 2, 3, 8, 13, 250, '2022-08-11 23:02:24'), (5598, 25, 5, 0, 9, 14, 250, '2022-08-11 23:02:24'), (5599, 22, 0, 7, 9, 16, 251, '2022-08-11 23:07:26'), (5600, 23, 2, 6, 7, 15, 251, '2022-08-11 23:07:26'), (5601, 24, 3, 5, 7, 15, 251, '2022-08-11 23:07:26'), (5602, 25, 5, 8, 6, 19, 251, '2022-08-11 23:07:26'), (5603, 22, 1, 1, 1, 3, 252, '2022-08-11 23:12:28'), (5604, 23, 7, 8, 9, 24, 252, '2022-08-11 23:12:28'), (5605, 24, 4, 2, 6, 12, 252, '2022-08-11 23:12:28'), (5606, 25, 4, 7, 7, 18, 252, '2022-08-11 23:12:28'), (5607, 22, 8, 1, 4, 13, 253, '2022-08-11 23:17:30'), (5608, 23, 9, 3, 4, 16, 253, '2022-08-11 23:17:30'), (5609, 24, 4, 3, 0, 7, 253, '2022-08-11 23:17:30'), (5610, 25, 7, 2, 1, 10, 253, '2022-08-11 23:17:30'), (5611, 22, 2, 2, 5, 9, 254, '2022-08-11 23:22:32'), (5612, 23, 8, 4, 8, 20, 254, '2022-08-11 23:22:32'), (5613, 24, 8, 0, 6, 14, 254, '2022-08-11 23:22:32'), (5614, 25, 7, 9, 5, 21, 254, '2022-08-11 23:22:32'), (5615, 22, 2, 9, 0, 11, 255, '2022-08-11 23:27:34'), (5616, 23, 9, 9, 6, 24, 255, '2022-08-11 23:27:34'), (5617, 24, 4, 5, 3, 12, 255, '2022-08-11 23:27:34'), (5618, 25, 0, 0, 3, 3, 255, '2022-08-11 23:27:34'), (5619, 22, 5, 4, 1, 10, 256, '2022-08-11 23:32:37'), (5620, 23, 8, 3, 1, 12, 256, '2022-08-11 23:32:37'), (5621, 24, 4, 3, 2, 9, 256, '2022-08-11 23:32:37'), (5622, 25, 0, 8, 4, 12, 256, '2022-08-11 23:32:37'), (5623, 22, 6, 9, 6, 21, 257, '2022-08-11 23:37:38'), (5624, 23, 2, 2, 3, 7, 257, '2022-08-11 23:37:38'), (5625, 24, 3, 5, 5, 13, 257, '2022-08-11 23:37:38'), (5626, 25, 2, 3, 9, 14, 257, '2022-08-11 23:37:38'), (5627, 22, 6, 0, 0, 6, 258, '2022-08-11 23:42:41'), (5628, 23, 0, 3, 9, 12, 258, '2022-08-11 23:42:41'), (5629, 24, 7, 0, 6, 13, 258, '2022-08-11 23:42:41'), (5630, 25, 8, 9, 5, 22, 258, '2022-08-11 23:42:41'), (5631, 22, 9, 8, 4, 21, 259, '2022-08-11 23:47:43'), (5632, 23, 1, 5, 1, 7, 259, '2022-08-11 23:47:43'), (5633, 24, 4, 4, 0, 8, 259, '2022-08-11 23:47:43'), (5634, 25, 8, 0, 2, 10, 259, '2022-08-11 23:47:43'), (5635, 22, 8, 2, 0, 10, 260, '2022-08-11 23:52:45'), (5636, 23, 0, 8, 0, 8, 260, '2022-08-11 23:52:45'), (5637, 24, 9, 4, 3, 16, 260, '2022-08-11 23:52:45'), (5638, 25, 6, 7, 4, 17, 260, '2022-08-11 23:52:45'), (5639, 22, 8, 9, 9, 26, 261, '2022-08-11 23:57:47'), (5640, 23, 8, 7, 8, 23, 261, '2022-08-11 23:57:47'), (5641, 24, 8, 2, 8, 18, 261, '2022-08-11 23:57:47'), (5642, 25, 9, 8, 5, 22, 261, '2022-08-11 23:57:47'), (5643, 22, 3, 5, 5, 13, 262, '2022-08-12 00:02:49'), (5644, 23, 3, 9, 8, 20, 262, '2022-08-12 00:02:49'), (5645, 24, 6, 9, 0, 15, 262, '2022-08-12 00:02:49'), (5646, 25, 9, 6, 4, 19, 262, '2022-08-12 00:02:49'), (5647, 22, 7, 9, 8, 24, 263, '2022-08-12 00:07:50'), (5648, 23, 0, 1, 9, 10, 263, '2022-08-12 00:07:50'), (5649, 24, 2, 4, 9, 15, 263, '2022-08-12 00:07:50'), (5650, 25, 6, 2, 8, 16, 263, '2022-08-12 00:07:50'), (5651, 22, 6, 9, 9, 24, 264, '2022-08-12 00:12:52'), (5652, 23, 4, 7, 0, 11, 264, '2022-08-12 00:12:52'), (5653, 24, 1, 3, 2, 6, 264, '2022-08-12 00:12:52'), (5654, 25, 8, 2, 2, 12, 264, '2022-08-12 00:12:52'), (5655, 22, 0, 9, 5, 14, 265, '2022-08-12 00:17:54'), (5656, 23, 2, 2, 4, 8, 265, '2022-08-12 00:17:54'), (5657, 24, 2, 5, 8, 15, 265, '2022-08-12 00:17:54'), (5658, 25, 3, 6, 6, 15, 265, '2022-08-12 00:17:54'), (5659, 22, 9, 7, 2, 18, 266, '2022-08-12 00:22:56'), (5660, 23, 9, 9, 4, 22, 266, '2022-08-12 00:22:56'), (5661, 24, 7, 4, 7, 18, 266, '2022-08-12 00:22:56'), (5662, 25, 6, 0, 4, 10, 266, '2022-08-12 00:22:56'), (5663, 22, 1, 2, 4, 7, 267, '2022-08-12 00:27:58'), (5664, 23, 5, 6, 4, 15, 267, '2022-08-12 00:27:58'), (5665, 24, 3, 0, 8, 11, 267, '2022-08-12 00:27:58'), (5666, 25, 9, 4, 1, 14, 267, '2022-08-12 00:27:58'), (5667, 22, 9, 5, 6, 20, 268, '2022-08-12 00:33:00'), (5668, 23, 7, 4, 0, 11, 268, '2022-08-12 00:33:00'), (5669, 24, 1, 1, 9, 11, 268, '2022-08-12 00:33:00'), (5670, 25, 4, 1, 9, 14, 268, '2022-08-12 00:33:00'), (5671, 22, 7, 9, 3, 19, 269, '2022-08-12 00:38:02'), (5672, 23, 4, 1, 4, 9, 269, '2022-08-12 00:38:02'), (5673, 24, 0, 3, 8, 11, 269, '2022-08-12 00:38:02'), (5674, 25, 1, 0, 1, 2, 269, '2022-08-12 00:38:02'), (5675, 22, 3, 8, 8, 19, 270, '2022-08-12 00:43:04'), (5676, 23, 6, 4, 4, 14, 270, '2022-08-12 00:43:04'), (5677, 24, 8, 6, 8, 22, 270, '2022-08-12 00:43:04'), (5678, 25, 9, 0, 3, 12, 270, '2022-08-12 00:43:04'), (5679, 22, 4, 4, 7, 15, 271, '2022-08-12 00:48:06'), (5680, 23, 5, 3, 0, 8, 271, '2022-08-12 00:48:06'), (5681, 24, 6, 6, 9, 21, 271, '2022-08-12 00:48:06'), (5682, 25, 3, 8, 2, 13, 271, '2022-08-12 00:48:06'), (5683, 22, 2, 2, 7, 11, 272, '2022-08-12 00:53:08'), (5684, 23, 5, 3, 5, 13, 272, '2022-08-12 00:53:08'), (5685, 24, 5, 0, 1, 6, 272, '2022-08-12 00:53:08'), (5686, 25, 1, 0, 0, 1, 272, '2022-08-12 00:53:08'), (5687, 22, 9, 8, 4, 21, 273, '2022-08-12 00:58:10'), (5688, 23, 7, 4, 0, 11, 273, '2022-08-12 00:58:10'), (5689, 24, 2, 3, 4, 9, 273, '2022-08-12 00:58:10'), (5690, 25, 8, 9, 2, 19, 273, '2022-08-12 00:58:10'), (5691, 22, 6, 3, 7, 16, 274, '2022-08-12 01:03:12'), (5692, 23, 6, 3, 3, 12, 274, '2022-08-12 01:03:12'), (5693, 24, 4, 6, 2, 12, 274, '2022-08-12 01:03:12'), (5694, 25, 1, 1, 3, 5, 274, '2022-08-12 01:03:12'), (5695, 22, 8, 1, 1, 10, 275, '2022-08-12 01:08:14'), (5696, 23, 1, 8, 7, 16, 275, '2022-08-12 01:08:14'), (5697, 24, 8, 1, 1, 10, 275, '2022-08-12 01:08:14'), (5698, 25, 3, 3, 7, 13, 275, '2022-08-12 01:08:14'), (5699, 22, 8, 0, 7, 15, 276, '2022-08-12 01:13:15'), (5700, 23, 9, 8, 9, 26, 276, '2022-08-12 01:13:15'), (5701, 24, 4, 4, 9, 17, 276, '2022-08-12 01:13:15'), (5702, 25, 0, 6, 9, 15, 276, '2022-08-12 01:13:15'), (5703, 22, 8, 3, 7, 18, 277, '2022-08-12 01:18:18'), (5704, 23, 1, 5, 8, 14, 277, '2022-08-12 01:18:18'), (5705, 24, 9, 6, 4, 19, 277, '2022-08-12 01:18:18'), (5706, 25, 2, 0, 2, 4, 277, '2022-08-12 01:18:18'), (5707, 22, 1, 4, 3, 8, 278, '2022-08-12 01:23:20'), (5708, 23, 5, 0, 3, 8, 278, '2022-08-12 01:23:20'), (5709, 24, 0, 0, 0, 0, 278, '2022-08-12 01:23:20'), (5710, 25, 3, 2, 0, 5, 278, '2022-08-12 01:23:20'), (5711, 22, 9, 6, 2, 17, 279, '2022-08-12 01:28:21'), (5712, 23, 3, 3, 1, 7, 279, '2022-08-12 01:28:21'), (5713, 24, 2, 8, 7, 17, 279, '2022-08-12 01:28:21'), (5714, 25, 8, 4, 4, 16, 279, '2022-08-12 01:28:21'), (5715, 22, 6, 6, 3, 15, 280, '2022-08-12 01:33:24'), (5716, 23, 9, 1, 4, 14, 280, '2022-08-12 01:33:24'), (5717, 24, 8, 3, 0, 11, 280, '2022-08-12 01:33:24'), (5718, 25, 3, 8, 8, 19, 280, '2022-08-12 01:33:24'), (5719, 22, 7, 5, 5, 17, 281, '2022-08-12 01:38:26'), (5720, 23, 8, 7, 2, 17, 281, '2022-08-12 01:38:26'), (5721, 24, 0, 5, 7, 12, 281, '2022-08-12 01:38:26'), (5722, 25, 8, 5, 0, 13, 281, '2022-08-12 01:38:26'), (5723, 22, 8, 3, 7, 18, 282, '2022-08-12 01:43:28'), (5724, 23, 3, 7, 3, 13, 282, '2022-08-12 01:43:28'), (5725, 24, 1, 8, 4, 13, 282, '2022-08-12 01:43:28'), (5726, 25, 9, 8, 9, 26, 282, '2022-08-12 01:43:28'), (5727, 22, 6, 7, 7, 20, 283, '2022-08-12 01:48:30'), (5728, 23, 5, 1, 5, 11, 283, '2022-08-12 01:48:32'), (5729, 24, 1, 9, 5, 15, 283, '2022-08-12 01:48:32'), (5730, 25, 2, 1, 0, 3, 283, '2022-08-12 01:48:32'), (5731, 22, 5, 0, 2, 7, 284, '2022-08-12 01:53:34'), (5732, 23, 8, 4, 1, 13, 284, '2022-08-12 01:53:34'), (5733, 24, 0, 1, 0, 1, 284, '2022-08-12 01:53:34'), (5734, 25, 1, 2, 0, 3, 284, '2022-08-12 01:53:34'), (5735, 22, 9, 3, 1, 13, 285, '2022-08-12 01:58:36'), (5736, 23, 3, 7, 6, 16, 285, '2022-08-12 01:58:36'), (5737, 24, 3, 4, 6, 13, 285, '2022-08-12 01:58:36'), (5738, 25, 7, 2, 1, 10, 285, '2022-08-12 01:58:36'), (5739, 22, 6, 7, 4, 17, 286, '2022-08-12 02:03:38'), (5740, 23, 6, 9, 5, 20, 286, '2022-08-12 02:03:38'), (5741, 24, 6, 8, 4, 18, 286, '2022-08-12 02:03:38'), (5742, 25, 3, 6, 3, 12, 286, '2022-08-12 02:03:38'), (5743, 22, 7, 8, 3, 18, 287, '2022-08-12 02:08:39'), (5744, 23, 8, 3, 6, 17, 287, '2022-08-12 02:08:39'), (5745, 24, 1, 4, 1, 6, 287, '2022-08-12 02:08:39'), (5746, 25, 3, 7, 6, 16, 287, '2022-08-12 02:08:39'), (5747, 22, 7, 9, 5, 21, 288, '2022-08-12 02:13:41'), (5748, 23, 7, 7, 6, 20, 288, '2022-08-12 02:13:41'), (5749, 24, 4, 4, 5, 13, 288, '2022-08-12 02:13:41'), (5750, 25, 6, 2, 3, 11, 288, '2022-08-12 02:13:41'), (5751, 22, 5, 0, 9, 14, 289, '2022-08-12 02:18:43'), (5752, 23, 6, 1, 1, 8, 289, '2022-08-12 02:18:43'), (5753, 24, 9, 6, 9, 24, 289, '2022-08-12 02:18:43'), (5754, 25, 1, 2, 6, 9, 289, '2022-08-12 02:18:43'), (5755, 22, 6, 2, 6, 14, 290, '2022-08-12 02:23:45'), (5756, 23, 3, 3, 9, 15, 290, '2022-08-12 02:23:45'), (5757, 24, 6, 1, 4, 11, 290, '2022-08-12 02:23:45'), (5758, 25, 0, 7, 6, 13, 290, '2022-08-12 02:23:45'), (5759, 22, 5, 7, 4, 16, 291, '2022-08-12 02:28:47'), (5760, 23, 6, 4, 7, 17, 291, '2022-08-12 02:28:47'), (5761, 24, 5, 2, 2, 9, 291, '2022-08-12 02:28:47'), (5762, 25, 5, 7, 4, 16, 291, '2022-08-12 02:28:47'), (5763, 22, 4, 9, 8, 21, 292, '2022-08-12 02:33:49'), (5764, 23, 2, 5, 5, 12, 292, '2022-08-12 02:33:49'), (5765, 24, 1, 0, 8, 9, 292, '2022-08-12 02:33:49'), (5766, 25, 9, 7, 9, 25, 292, '2022-08-12 02:33:49'), (5767, 22, 8, 0, 2, 10, 293, '2022-08-12 02:38:51'), (5768, 23, 6, 9, 9, 24, 293, '2022-08-12 02:38:51'), (5769, 24, 3, 6, 5, 14, 293, '2022-08-12 02:38:51'), (5770, 25, 8, 8, 9, 25, 293, '2022-08-12 02:38:51'), (5771, 22, 6, 2, 7, 15, 294, '2022-08-12 02:43:54'), (5772, 23, 6, 0, 0, 6, 294, '2022-08-12 02:43:54'), (5773, 24, 1, 0, 0, 1, 294, '2022-08-12 02:43:54'), (5774, 25, 7, 1, 4, 12, 294, '2022-08-12 02:43:54'), (5775, 22, 9, 7, 6, 22, 295, '2022-08-12 02:48:55'), (5776, 23, 3, 6, 5, 14, 295, '2022-08-12 02:48:55'), (5777, 24, 4, 3, 1, 8, 295, '2022-08-12 02:48:55'), (5778, 25, 8, 8, 8, 24, 295, '2022-08-12 02:48:55'), (5779, 22, 4, 2, 3, 9, 296, '2022-08-12 02:53:57'), (5780, 23, 8, 4, 6, 18, 296, '2022-08-12 02:53:57'), (5781, 24, 0, 5, 4, 9, 296, '2022-08-12 02:53:57'), (5782, 25, 3, 2, 9, 14, 296, '2022-08-12 02:53:57'), (5783, 22, 5, 1, 9, 15, 297, '2022-08-12 02:59:00'), (5784, 23, 9, 3, 0, 12, 297, '2022-08-12 02:59:03'), (5785, 24, 6, 9, 0, 15, 297, '2022-08-12 02:59:03'), (5786, 25, 4, 5, 2, 11, 297, '2022-08-12 02:59:03'), (5787, 22, 1, 2, 1, 4, 298, '2022-08-12 03:04:05'), (5788, 23, 9, 2, 4, 15, 298, '2022-08-12 03:04:05'), (5789, 24, 3, 1, 7, 11, 298, '2022-08-12 03:04:05'), (5790, 25, 4, 5, 9, 18, 298, '2022-08-12 03:04:05'), (5791, 22, 9, 3, 5, 17, 299, '2022-08-12 03:09:07'), (5792, 23, 9, 0, 5, 14, 299, '2022-08-12 03:09:07'), (5793, 24, 4, 2, 7, 13, 299, '2022-08-12 03:09:07'), (5794, 25, 5, 7, 8, 20, 299, '2022-08-12 03:09:07'), (5795, 22, 9, 2, 7, 18, 300, '2022-08-12 03:14:09'), (5796, 23, 1, 6, 7, 14, 300, '2022-08-12 03:14:09'), (5797, 24, 1, 2, 9, 12, 300, '2022-08-12 03:14:09'), (5798, 25, 3, 5, 0, 8, 300, '2022-08-12 03:14:09'), (5799, 22, 7, 7, 0, 14, 301, '2022-08-12 03:19:10'), (5800, 23, 5, 1, 1, 7, 301, '2022-08-12 03:19:10'), (5801, 24, 9, 4, 2, 15, 301, '2022-08-12 03:19:10'), (5802, 25, 6, 5, 5, 16, 301, '2022-08-12 03:19:10'), (5803, 22, 0, 7, 2, 9, 302, '2022-08-12 03:24:13'), (5804, 23, 5, 0, 3, 8, 302, '2022-08-12 03:24:13'), (5805, 24, 6, 7, 0, 13, 302, '2022-08-12 03:24:13'), (5806, 25, 1, 9, 3, 13, 302, '2022-08-12 03:24:13'), (5807, 22, 9, 6, 2, 17, 303, '2022-08-13 16:03:10'), (5808, 23, 8, 5, 9, 22, 303, '2022-08-13 16:03:10'), (5809, 24, 2, 9, 1, 12, 303, '2022-08-13 16:03:10'), (5810, 25, 6, 8, 0, 14, 303, '2022-08-13 16:03:10'), (5811, 22, 3, 2, 6, 11, 304, '2022-08-13 16:03:35'), (5812, 23, 3, 4, 9, 16, 304, '2022-08-13 16:03:35'), (5813, 24, 2, 8, 6, 16, 304, '2022-08-13 16:03:35'), (5814, 25, 3, 9, 1, 13, 304, '2022-08-13 16:03:35'), (5815, 22, 6, 7, 2, 15, 305, '2022-08-13 16:08:36'), (5816, 23, 0, 3, 3, 6, 305, '2022-08-13 16:08:36'), (5817, 24, 0, 7, 2, 9, 305, '2022-08-13 16:08:36'), (5818, 25, 4, 1, 5, 10, 305, '2022-08-13 16:08:36'), (5819, 22, 7, 4, 1, 12, 306, '2022-08-13 16:13:39'), (5820, 23, 4, 7, 9, 20, 306, '2022-08-13 16:13:39'), (5821, 24, 8, 4, 2, 14, 306, '2022-08-13 16:13:39'), (5822, 25, 2, 4, 0, 6, 306, '2022-08-13 16:13:39'), (5823, 22, 3, 6, 4, 13, 307, '2022-08-13 16:19:07'), (5824, 23, 3, 2, 3, 8, 307, '2022-08-13 16:19:07'), (5825, 24, 8, 8, 7, 23, 307, '2022-08-13 16:19:07'), (5826, 25, 6, 2, 7, 15, 307, '2022-08-13 16:19:07'), (5827, 22, 1, 1, 0, 2, 308, '2022-08-13 16:24:09'), (5828, 23, 4, 0, 6, 10, 308, '2022-08-13 16:24:09'), (5829, 24, 9, 6, 0, 15, 308, '2022-08-13 16:24:09'), (5830, 25, 8, 9, 7, 24, 308, '2022-08-13 16:24:09'), (5831, 22, 1, 8, 3, 12, 309, '2022-08-13 16:29:11'), (5832, 23, 1, 6, 1, 8, 309, '2022-08-13 16:29:11'), (5833, 24, 6, 8, 3, 17, 309, '2022-08-13 16:29:11'), (5834, 25, 9, 2, 7, 18, 309, '2022-08-13 16:29:11'), (5835, 22, 5, 4, 4, 13, 310, '2022-08-13 16:35:07'), (5836, 23, 0, 8, 3, 11, 310, '2022-08-13 16:35:07'), (5837, 24, 3, 9, 4, 16, 310, '2022-08-13 16:35:07'), (5838, 25, 1, 3, 9, 13, 310, '2022-08-13 16:35:07'), (5839, 22, 4, 4, 2, 10, 311, '2022-08-13 16:40:09'), (5840, 23, 2, 8, 5, 15, 311, '2022-08-13 16:40:09'), (5841, 24, 5, 4, 8, 17, 311, '2022-08-13 16:40:09'), (5842, 25, 0, 3, 8, 11, 311, '2022-08-13 16:40:09'), (5843, 22, 7, 2, 3, 12, 312, '2022-08-13 16:46:07'), (5844, 23, 1, 9, 8, 18, 312, '2022-08-13 16:46:07'), (5845, 24, 3, 9, 4, 16, 312, '2022-08-13 16:46:07'), (5846, 25, 3, 1, 2, 6, 312, '2022-08-13 16:46:07'), (5847, 22, 4, 6, 4, 14, 313, '2022-08-13 16:52:07'), (5848, 23, 7, 0, 9, 16, 313, '2022-08-13 16:52:07'), (5849, 24, 0, 1, 3, 4, 313, '2022-08-13 16:52:07'), (5850, 25, 5, 3, 1, 9, 313, '2022-08-13 16:52:07'), (5851, 22, 6, 1, 2, 9, 314, '2022-08-13 16:58:07'), (5852, 23, 4, 8, 6, 18, 314, '2022-08-13 16:58:07'), (5853, 24, 4, 0, 2, 6, 314, '2022-08-13 16:58:07'), (5854, 25, 2, 4, 2, 8, 314, '2022-08-13 16:58:07'), (5855, 22, 7, 2, 5, 14, 315, '2022-08-13 17:04:07'), (5856, 23, 0, 1, 6, 7, 315, '2022-08-13 17:04:07'), (5857, 24, 4, 0, 7, 11, 315, '2022-08-13 17:04:07'), (5858, 25, 7, 3, 2, 12, 315, '2022-08-13 17:04:07'), (5859, 22, 7, 4, 5, 16, 316, '2022-08-13 17:10:07'), (5860, 23, 7, 0, 1, 8, 316, '2022-08-13 17:10:07'), (5861, 24, 4, 0, 3, 7, 316, '2022-08-13 17:10:07'), (5862, 25, 4, 1, 6, 11, 316, '2022-08-13 17:10:07'), (5863, 22, 2, 9, 6, 17, 317, '2022-08-13 17:16:07'), (5864, 23, 0, 2, 3, 5, 317, '2022-08-13 17:16:07'), (5865, 24, 2, 6, 6, 14, 317, '2022-08-13 17:16:07'), (5866, 25, 1, 7, 3, 11, 317, '2022-08-13 17:16:07'), (5867, 22, 9, 5, 8, 22, 318, '2022-08-13 17:21:09'), (5868, 23, 8, 3, 6, 17, 318, '2022-08-13 17:21:09'), (5869, 24, 7, 4, 6, 17, 318, '2022-08-13 17:21:09'), (5870, 25, 7, 3, 8, 18, 318, '2022-08-13 17:21:09'), (5871, 22, 5, 3, 5, 13, 319, '2022-08-13 17:27:16'), (5872, 23, 1, 4, 0, 5, 319, '2022-08-13 17:27:16'), (5873, 24, 8, 4, 7, 19, 319, '2022-08-13 17:27:16'), (5874, 25, 3, 5, 9, 17, 319, '2022-08-13 17:27:16'), (5875, 22, 5, 9, 3, 17, 320, '2022-08-13 17:33:44'), (5876, 23, 8, 7, 5, 20, 320, '2022-08-13 17:33:44'), (5877, 24, 1, 3, 0, 4, 320, '2022-08-13 17:33:44'), (5878, 25, 8, 7, 6, 21, 320, '2022-08-13 17:33:44'), (5879, 22, 8, 4, 7, 19, 321, '2022-08-13 17:39:07'), (5880, 23, 2, 3, 1, 6, 321, '2022-08-13 17:39:07'), (5881, 24, 8, 7, 8, 23, 321, '2022-08-13 17:39:07'), (5882, 25, 7, 1, 2, 10, 321, '2022-08-13 17:39:07'), (5883, 22, 7, 8, 1, 16, 322, '2022-08-13 17:45:07'), (5884, 23, 5, 0, 5, 10, 322, '2022-08-13 17:45:07'), (5885, 24, 1, 5, 4, 10, 322, '2022-08-13 17:45:07'), (5886, 25, 4, 8, 3, 15, 322, '2022-08-13 17:45:07'), (5887, 22, 0, 9, 6, 15, 323, '2022-08-13 17:51:07'), (5888, 23, 3, 6, 4, 13, 323, '2022-08-13 17:51:07'), (5889, 24, 9, 9, 6, 24, 323, '2022-08-13 17:51:07'), (5890, 25, 9, 8, 6, 23, 323, '2022-08-13 17:51:07'), (5891, 22, 0, 5, 4, 9, 324, '2022-08-13 17:56:09'), (5892, 23, 0, 2, 1, 3, 324, '2022-08-13 17:56:09'), (5893, 24, 9, 1, 7, 17, 324, '2022-08-13 17:56:09'), (5894, 25, 1, 6, 1, 8, 324, '2022-08-13 17:56:09'), (5895, 22, 9, 6, 4, 19, 325, '2022-08-13 18:02:07'), (5896, 23, 8, 7, 8, 23, 325, '2022-08-13 18:02:07'), (5897, 24, 7, 9, 7, 23, 325, '2022-08-13 18:02:07'), (5898, 25, 0, 4, 8, 12, 325, '2022-08-13 18:02:07'), (5899, 22, 8, 7, 1, 16, 326, '2022-08-13 18:08:07'), (5900, 23, 9, 7, 5, 21, 326, '2022-08-13 18:08:07'), (5901, 24, 3, 1, 0, 4, 326, '2022-08-13 18:08:07'), (5902, 25, 0, 7, 5, 12, 326, '2022-08-13 18:08:07'), (5903, 22, 2, 5, 5, 12, 327, '2022-08-13 18:14:07'), (5904, 23, 6, 0, 2, 8, 327, '2022-08-13 18:14:07'), (5905, 24, 7, 8, 4, 19, 327, '2022-08-13 18:14:07'), (5906, 25, 6, 5, 6, 17, 327, '2022-08-13 18:14:07'), (5907, 22, 0, 2, 6, 8, 328, '2022-08-13 18:19:09'), (5908, 23, 0, 5, 0, 5, 328, '2022-08-13 18:19:09'), (5909, 24, 5, 6, 0, 11, 328, '2022-08-13 18:19:09'), (5910, 25, 8, 9, 5, 22, 328, '2022-08-13 18:19:09'), (5911, 22, 3, 3, 4, 10, 329, '2022-08-13 18:25:07'), (5912, 23, 8, 5, 4, 17, 329, '2022-08-13 18:25:07'), (5913, 24, 0, 0, 2, 2, 329, '2022-08-13 18:25:07'), (5914, 25, 8, 7, 6, 21, 329, '2022-08-13 18:25:07'), (5915, 22, 2, 8, 1, 11, 330, '2022-08-13 18:30:09'), (5916, 23, 1, 9, 4, 14, 330, '2022-08-13 18:30:09'), (5917, 24, 1, 0, 7, 8, 330, '2022-08-13 18:30:09'), (5918, 25, 9, 0, 1, 10, 330, '2022-08-13 18:30:09'), (5919, 22, 5, 2, 1, 8, 331, '2022-08-13 18:35:11'), (5920, 23, 2, 6, 8, 16, 331, '2022-08-13 18:35:11'), (5921, 24, 7, 2, 2, 11, 331, '2022-08-13 18:35:11'), (5922, 25, 4, 4, 0, 8, 331, '2022-08-13 18:35:11'), (5923, 22, 4, 5, 4, 13, 332, '2022-08-13 18:41:07'), (5924, 23, 2, 3, 0, 5, 332, '2022-08-13 18:41:15'), (5925, 24, 6, 9, 8, 23, 332, '2022-08-13 18:41:15'), (5926, 25, 0, 6, 6, 12, 332, '2022-08-13 18:41:15'), (5927, 22, 6, 4, 6, 16, 333, '2022-08-13 18:46:17'), (5928, 23, 6, 2, 1, 9, 333, '2022-08-13 18:46:17'), (5929, 24, 5, 0, 7, 12, 333, '2022-08-13 18:46:17'), (5930, 25, 7, 1, 2, 10, 333, '2022-08-13 18:46:17'), (5931, 22, 1, 1, 7, 9, 334, '2022-08-13 18:52:18'), (5932, 23, 2, 0, 4, 6, 334, '2022-08-13 18:52:18'), (5933, 24, 5, 6, 6, 17, 334, '2022-08-13 18:52:18'), (5934, 25, 0, 3, 2, 5, 334, '2022-08-13 18:52:18'), (5935, 22, 2, 1, 9, 12, 335, '2022-08-13 18:57:50'), (5936, 23, 0, 9, 5, 14, 335, '2022-08-13 18:57:50'), (5937, 24, 1, 5, 1, 7, 335, '2022-08-13 18:57:50'), (5938, 25, 1, 9, 5, 15, 335, '2022-08-13 18:57:50'), (5939, 22, 5, 5, 3, 13, 336, '2022-08-13 19:03:07'), (5940, 23, 3, 2, 0, 5, 336, '2022-08-13 19:03:07'), (5941, 24, 4, 4, 0, 8, 336, '2022-08-13 19:03:07'), (5942, 25, 9, 2, 0, 11, 336, '2022-08-13 19:03:07'), (5943, 22, 5, 6, 5, 16, 337, '2022-08-13 19:09:07'), (5944, 23, 2, 2, 2, 6, 337, '2022-08-13 19:09:07'), (5945, 24, 4, 1, 8, 13, 337, '2022-08-13 19:09:07'), (5946, 25, 0, 2, 4, 6, 337, '2022-08-13 19:09:07'), (5947, 22, 7, 8, 9, 24, 338, '2022-08-20 19:16:20'), (5948, 23, 1, 0, 2, 3, 338, '2022-08-20 19:16:20'), (5949, 24, 1, 6, 4, 11, 338, '2022-08-20 19:16:20'), (5950, 25, 8, 2, 0, 10, 338, '2022-08-20 19:16:20'), (5951, 22, 0, 0, 7, 7, 339, '2022-08-20 19:22:24'), (5952, 23, 5, 0, 9, 14, 339, '2022-08-20 19:22:24'), (5953, 24, 5, 7, 8, 20, 339, '2022-08-20 19:22:24'), (5954, 25, 8, 6, 6, 20, 339, '2022-08-20 19:22:24'), (5955, 22, 8, 3, 9, 20, 340, '2022-08-20 19:27:56'), (5956, 23, 0, 6, 5, 11, 340, '2022-08-20 19:27:56'), (5957, 24, 1, 3, 0, 4, 340, '2022-08-20 19:27:56'), (5958, 25, 1, 7, 5, 13, 340, '2022-08-20 19:27:56'), (5959, 22, 1, 9, 1, 11, 341, '2022-08-20 19:32:58'), (5960, 23, 8, 8, 3, 19, 341, '2022-08-20 19:32:58'), (5961, 24, 4, 0, 2, 6, 341, '2022-08-20 19:32:58'), (5962, 25, 5, 4, 9, 18, 341, '2022-08-20 19:32:58'), (5963, 22, 2, 0, 6, 8, 342, '2022-08-20 19:37:59'), (5964, 23, 5, 9, 8, 22, 342, '2022-08-20 19:37:59'), (5965, 24, 0, 9, 0, 9, 342, '2022-08-20 19:37:59'), (5966, 25, 7, 1, 8, 16, 342, '2022-08-20 19:37:59'), (5967, 22, 4, 1, 9, 14, 343, '2022-08-20 19:43:01'), (5968, 23, 7, 1, 0, 8, 343, '2022-08-20 19:43:01'), (5969, 24, 7, 6, 9, 22, 343, '2022-08-20 19:43:01'), (5970, 25, 7, 4, 3, 14, 343, '2022-08-20 19:43:01'), (5971, 22, 1, 7, 8, 16, 344, '2022-08-20 19:48:03'), (5972, 23, 1, 8, 1, 10, 344, '2022-08-20 19:48:03'), (5973, 24, 3, 7, 2, 12, 344, '2022-08-20 19:48:03'), (5974, 25, 1, 7, 5, 13, 344, '2022-08-20 19:48:03'), (5975, 22, 9, 9, 6, 24, 345, '2022-08-20 19:53:05'), (5976, 23, 1, 3, 2, 6, 345, '2022-08-20 19:53:05'), (5977, 24, 5, 7, 1, 13, 345, '2022-08-20 19:53:05'), (5978, 25, 7, 8, 5, 20, 345, '2022-08-20 19:53:05'), (5979, 22, 6, 7, 9, 22, 346, '2022-08-20 19:58:07'), (5980, 23, 1, 6, 3, 10, 346, '2022-08-20 19:58:07'), (5981, 24, 1, 7, 7, 15, 346, '2022-08-20 19:58:07'), (5982, 25, 5, 2, 0, 7, 346, '2022-08-20 19:58:07'), (5983, 22, 0, 9, 5, 14, 347, '2022-08-20 20:03:09'), (5984, 23, 9, 2, 0, 11, 347, '2022-08-20 20:03:09'), (5985, 24, 5, 2, 0, 7, 347, '2022-08-20 20:03:09'), (5986, 25, 8, 5, 8, 21, 347, '2022-08-20 20:03:09'), (5987, 22, 3, 7, 8, 18, 348, '2022-08-20 20:08:11'), (5988, 23, 4, 1, 6, 11, 348, '2022-08-20 20:08:11'), (5989, 24, 9, 1, 9, 19, 348, '2022-08-20 20:08:11'), (5990, 25, 8, 4, 1, 13, 348, '2022-08-20 20:08:11'), (5991, 22, 7, 4, 1, 12, 349, '2022-08-20 20:13:13'), (5992, 23, 0, 1, 8, 9, 349, '2022-08-20 20:13:13'), (5993, 24, 2, 9, 3, 14, 349, '2022-08-20 20:13:13'), (5994, 25, 9, 0, 4, 13, 349, '2022-08-20 20:13:13'), (5995, 22, 9, 7, 5, 21, 350, '2022-08-20 20:18:15'), (5996, 23, 0, 3, 6, 9, 350, '2022-08-20 20:18:15'), (5997, 24, 5, 4, 5, 14, 350, '2022-08-20 20:18:15'), (5998, 25, 4, 0, 2, 6, 350, '2022-08-20 20:18:15'), (5999, 22, 8, 2, 0, 10, 351, '2022-08-20 20:23:17'), (6000, 23, 9, 7, 3, 19, 351, '2022-08-20 20:23:17'), (6001, 24, 0, 8, 4, 12, 351, '2022-08-20 20:23:17'), (6002, 25, 8, 0, 9, 17, 351, '2022-08-20 20:23:17'), (6003, 22, 3, 3, 4, 10, 352, '2022-08-20 20:28:19'), (6004, 23, 8, 6, 9, 23, 352, '2022-08-20 20:28:19'), (6005, 24, 5, 4, 2, 11, 352, '2022-08-20 20:28:19'), (6006, 25, 2, 7, 5, 14, 352, '2022-08-20 20:28:19'), (6007, 22, 8, 7, 9, 24, 353, '2022-08-20 20:33:21'), (6008, 23, 8, 7, 9, 24, 353, '2022-08-20 20:33:21'), (6009, 24, 8, 5, 5, 18, 353, '2022-08-20 20:33:21'), (6010, 25, 6, 4, 6, 16, 353, '2022-08-20 20:33:21'), (6011, 22, 0, 9, 6, 15, 354, '2022-08-20 20:38:23'), (6012, 23, 1, 9, 3, 13, 354, '2022-08-20 20:38:23'), (6013, 24, 0, 5, 9, 14, 354, '2022-08-20 20:38:23'), (6014, 25, 2, 6, 9, 17, 354, '2022-08-20 20:38:23'), (6015, 22, 4, 8, 6, 18, 355, '2022-08-20 20:43:25'), (6016, 23, 4, 5, 2, 11, 355, '2022-08-20 20:43:25'), (6017, 24, 5, 2, 1, 8, 355, '2022-08-20 20:43:25'), (6018, 25, 0, 9, 1, 10, 355, '2022-08-20 20:43:25'), (6019, 22, 8, 7, 9, 24, 356, '2022-08-20 20:48:27'), (6020, 23, 5, 7, 0, 12, 356, '2022-08-20 20:48:27'), (6021, 24, 6, 4, 1, 11, 356, '2022-08-20 20:48:27'), (6022, 25, 5, 1, 1, 7, 356, '2022-08-20 20:48:27'), (6023, 22, 6, 3, 9, 18, 357, '2022-08-20 20:53:28'), (6024, 23, 4, 9, 0, 13, 357, '2022-08-20 20:53:28'), (6025, 24, 5, 2, 1, 8, 357, '2022-08-20 20:53:28'), (6026, 25, 5, 9, 4, 18, 357, '2022-08-20 20:53:28'), (6027, 22, 1, 5, 9, 15, 358, '2022-08-20 20:58:31'), (6028, 23, 5, 0, 4, 9, 358, '2022-08-20 20:58:31'), (6029, 24, 8, 3, 2, 13, 358, '2022-08-20 20:58:31'), (6030, 25, 9, 1, 4, 14, 358, '2022-08-20 20:58:31'), (6031, 22, 1, 4, 5, 10, 359, '2022-08-20 21:03:33'), (6032, 23, 8, 7, 3, 18, 359, '2022-08-20 21:03:33'), (6033, 24, 2, 2, 9, 13, 359, '2022-08-20 21:03:33'), (6034, 25, 6, 7, 1, 14, 359, '2022-08-20 21:03:33'), (6035, 22, 7, 8, 6, 21, 360, '2022-08-20 21:08:36'), (6036, 23, 0, 4, 6, 10, 360, '2022-08-20 21:08:40'), (6037, 24, 2, 6, 7, 15, 360, '2022-08-20 21:08:40'), (6038, 25, 0, 9, 0, 9, 360, '2022-08-20 21:08:40'), (6039, 22, 2, 8, 0, 10, 361, '2022-08-20 21:13:43'), (6040, 23, 6, 9, 0, 15, 361, '2022-08-20 21:13:43'), (6041, 24, 8, 3, 5, 16, 361, '2022-08-20 21:13:43'), (6042, 25, 8, 6, 4, 18, 361, '2022-08-20 21:13:43'), (6043, 22, 1, 1, 1, 3, 362, '2022-08-20 21:18:45'), (6044, 23, 4, 6, 5, 15, 362, '2022-08-20 21:18:45'), (6045, 24, 8, 5, 4, 17, 362, '2022-08-20 21:18:45'), (6046, 25, 4, 5, 8, 17, 362, '2022-08-20 21:18:45'), (6047, 22, 6, 3, 1, 10, 363, '2022-08-20 21:23:47'), (6048, 23, 8, 0, 8, 16, 363, '2022-08-20 21:23:47'), (6049, 24, 4, 2, 5, 11, 363, '2022-08-20 21:23:47'), (6050, 25, 1, 5, 5, 11, 363, '2022-08-20 21:23:47'), (6051, 22, 8, 2, 9, 19, 364, '2022-08-20 21:28:49'), (6052, 23, 7, 7, 4, 18, 364, '2022-08-20 21:28:49'), (6053, 24, 7, 7, 4, 18, 364, '2022-08-20 21:28:49'), (6054, 25, 1, 8, 3, 12, 364, '2022-08-20 21:28:49'), (6055, 22, 3, 2, 9, 14, 365, '2022-08-20 21:33:51'), (6056, 23, 6, 2, 6, 14, 365, '2022-08-20 21:33:51'), (6057, 24, 6, 4, 1, 11, 365, '2022-08-20 21:33:51'), (6058, 25, 0, 2, 6, 8, 365, '2022-08-20 21:33:51'), (6059, 22, 6, 8, 9, 23, 366, '2022-08-20 21:38:52'), (6060, 23, 3, 8, 9, 20, 366, '2022-08-20 21:38:52'), (6061, 24, 4, 7, 9, 20, 366, '2022-08-20 21:38:52'), (6062, 25, 3, 0, 4, 7, 366, '2022-08-20 21:38:52'), (6063, 22, 1, 6, 5, 12, 367, '2022-08-20 21:43:54'), (6064, 23, 6, 8, 4, 18, 367, '2022-08-20 21:43:54'), (6065, 24, 9, 8, 4, 21, 367, '2022-08-20 21:43:54'), (6066, 25, 6, 5, 9, 20, 367, '2022-08-20 21:43:54'), (6067, 22, 4, 4, 1, 9, 368, '2022-08-20 21:48:57'), (6068, 23, 8, 4, 0, 12, 368, '2022-08-20 21:48:57'), (6069, 24, 5, 8, 7, 20, 368, '2022-08-20 21:48:57'), (6070, 25, 5, 2, 5, 12, 368, '2022-08-20 21:48:57'), (6071, 22, 4, 0, 0, 4, 369, '2022-08-20 21:53:59'), (6072, 23, 2, 7, 7, 16, 369, '2022-08-20 21:53:59'), (6073, 24, 9, 4, 0, 13, 369, '2022-08-20 21:53:59'), (6074, 25, 5, 7, 5, 17, 369, '2022-08-20 21:53:59'), (6075, 22, 9, 5, 0, 14, 370, '2022-08-20 21:59:21'), (6076, 23, 4, 3, 6, 13, 370, '2022-08-20 21:59:21'), (6077, 24, 0, 0, 1, 1, 370, '2022-08-20 21:59:21'), (6078, 25, 5, 2, 7, 14, 370, '2022-08-20 21:59:21'), (6079, 22, 1, 3, 9, 13, 371, '2022-08-20 22:04:23'), (6080, 23, 8, 0, 4, 12, 371, '2022-08-20 22:04:23'), (6081, 24, 5, 3, 3, 11, 371, '2022-08-20 22:04:23'), (6082, 25, 8, 8, 6, 22, 371, '2022-08-20 22:04:23'), (6083, 22, 3, 2, 3, 8, 372, '2022-08-20 22:09:25'), (6084, 23, 4, 8, 5, 17, 372, '2022-08-20 22:09:25'), (6085, 24, 5, 7, 2, 14, 372, '2022-08-20 22:09:25'), (6086, 25, 8, 7, 2, 17, 372, '2022-08-20 22:09:25'), (6087, 22, 8, 5, 1, 14, 373, '2022-08-20 22:14:27'), (6088, 23, 4, 8, 7, 19, 373, '2022-08-20 22:14:32'), (6089, 24, 8, 9, 4, 21, 373, '2022-08-20 22:14:33'), (6090, 25, 6, 6, 7, 19, 373, '2022-08-20 22:14:33'), (6091, 22, 5, 1, 5, 11, 374, '2022-08-20 22:19:34'), (6092, 23, 8, 0, 5, 13, 374, '2022-08-20 22:19:34'), (6093, 24, 6, 0, 3, 9, 374, '2022-08-20 22:19:34'), (6094, 25, 4, 9, 1, 14, 374, '2022-08-20 22:19:34'), (6095, 22, 7, 0, 9, 16, 375, '2022-08-20 22:24:36'), (6096, 23, 2, 6, 8, 16, 375, '2022-08-20 22:24:36'), (6097, 24, 8, 6, 7, 21, 375, '2022-08-20 22:24:36'), (6098, 25, 9, 8, 0, 17, 375, '2022-08-20 22:24:36'), (6099, 22, 0, 6, 5, 11, 376, '2022-08-20 22:29:38'), (6100, 23, 5, 1, 4, 10, 376, '2022-08-20 22:29:38'), (6101, 24, 0, 9, 2, 11, 376, '2022-08-20 22:29:38'), (6102, 25, 4, 0, 2, 6, 376, '2022-08-20 22:29:38'), (6103, 22, 6, 2, 1, 9, 377, '2022-08-20 22:34:40'), (6104, 23, 9, 1, 8, 18, 377, '2022-08-20 22:34:40'), (6105, 24, 6, 8, 4, 18, 377, '2022-08-20 22:34:40'), (6106, 25, 4, 8, 8, 20, 377, '2022-08-20 22:34:40'), (6107, 22, 8, 8, 5, 21, 378, '2022-08-20 22:39:42'), (6108, 23, 1, 2, 9, 12, 378, '2022-08-20 22:39:42'), (6109, 24, 9, 3, 0, 12, 378, '2022-08-20 22:39:42'), (6110, 25, 9, 5, 4, 18, 378, '2022-08-20 22:39:42'), (6111, 22, 1, 8, 1, 10, 379, '2022-08-20 22:44:44'), (6112, 23, 7, 8, 3, 18, 379, '2022-08-20 22:44:44'), (6113, 24, 5, 7, 5, 17, 379, '2022-08-20 22:44:44'), (6114, 25, 7, 2, 9, 18, 379, '2022-08-20 22:44:44'), (6115, 22, 5, 6, 5, 16, 380, '2022-08-20 22:49:46'), (6116, 23, 5, 5, 1, 11, 380, '2022-08-20 22:49:46'), (6117, 24, 6, 1, 8, 15, 380, '2022-08-20 22:49:46'), (6118, 25, 6, 7, 6, 19, 380, '2022-08-20 22:49:46'), (6119, 22, 1, 1, 1, 3, 381, '2022-08-20 22:54:48'), (6120, 23, 0, 1, 6, 7, 381, '2022-08-20 22:54:48'), (6121, 24, 5, 2, 9, 16, 381, '2022-08-20 22:54:48'), (6122, 25, 6, 2, 3, 11, 381, '2022-08-20 22:54:48'), (6123, 22, 6, 8, 1, 15, 382, '2022-08-20 22:59:50'), (6124, 23, 2, 7, 4, 13, 382, '2022-08-20 22:59:50'), (6125, 24, 0, 4, 9, 13, 382, '2022-08-20 22:59:50'), (6126, 25, 2, 7, 9, 18, 382, '2022-08-20 22:59:50'), (6127, 22, 6, 6, 5, 17, 383, '2022-08-20 23:04:53'), (6128, 23, 3, 9, 5, 17, 383, '2022-08-20 23:04:58'), (6129, 24, 2, 7, 4, 13, 383, '2022-08-20 23:04:58'), (6130, 25, 3, 7, 2, 12, 383, '2022-08-20 23:04:58'), (6131, 22, 5, 7, 9, 21, 384, '2022-08-20 23:09:59'), (6132, 23, 9, 7, 1, 17, 384, '2022-08-20 23:09:59'), (6133, 24, 1, 2, 8, 11, 384, '2022-08-20 23:09:59'), (6134, 25, 6, 2, 7, 15, 384, '2022-08-20 23:09:59'), (6135, 22, 9, 1, 7, 17, 385, '2022-08-20 23:15:02'), (6136, 23, 0, 4, 9, 13, 385, '2022-08-20 23:15:02'), (6137, 24, 3, 2, 2, 7, 385, '2022-08-20 23:15:02'), (6138, 25, 3, 6, 9, 18, 385, '2022-08-20 23:15:02'), (6139, 22, 9, 7, 4, 20, 386, '2022-08-20 23:20:04'), (6140, 23, 8, 1, 4, 13, 386, '2022-08-20 23:20:04'), (6141, 24, 5, 0, 1, 6, 386, '2022-08-20 23:20:04'), (6142, 25, 4, 6, 0, 10, 386, '2022-08-20 23:20:04'), (6143, 22, 7, 3, 3, 13, 387, '2022-08-20 23:25:06'), (6144, 23, 0, 1, 9, 10, 387, '2022-08-20 23:25:06'), (6145, 24, 4, 4, 2, 10, 387, '2022-08-20 23:25:06'), (6146, 25, 4, 9, 1, 14, 387, '2022-08-20 23:25:06'), (6147, 22, 5, 7, 8, 20, 388, '2022-08-20 23:30:09'), (6148, 23, 2, 6, 6, 14, 388, '2022-08-20 23:30:09'), (6149, 24, 5, 4, 8, 17, 388, '2022-08-20 23:30:09'), (6150, 25, 5, 5, 5, 15, 388, '2022-08-20 23:30:09'), (6151, 22, 8, 5, 9, 22, 389, '2022-08-23 12:11:41'), (6152, 23, 6, 9, 6, 21, 389, '2022-08-23 12:11:41'), (6153, 24, 6, 1, 2, 9, 389, '2022-08-23 12:11:41'), (6154, 25, 5, 3, 8, 16, 389, '2022-08-23 12:11:41'), (6155, 22, 3, 2, 3, 8, 390, '2022-08-23 12:17:18'), (6156, 23, 9, 7, 6, 22, 390, '2022-08-23 12:17:18'), (6157, 24, 7, 1, 2, 10, 390, '2022-08-23 12:17:18'), (6158, 25, 7, 0, 6, 13, 390, '2022-08-23 12:17:18'), (6159, 22, 3, 5, 6, 14, 391, '2022-08-23 12:22:20'), (6160, 23, 4, 3, 7, 14, 391, '2022-08-23 12:22:20'), (6161, 24, 8, 2, 0, 10, 391, '2022-08-23 12:22:20'), (6162, 25, 1, 6, 9, 16, 391, '2022-08-23 12:22:20'), (6163, 22, 9, 8, 9, 26, 392, '2022-08-23 12:27:52'), (6164, 23, 3, 8, 9, 20, 392, '2022-08-23 12:27:52'), (6165, 24, 0, 8, 1, 9, 392, '2022-08-23 12:27:52'), (6166, 25, 4, 8, 1, 13, 392, '2022-08-23 12:27:52'), (6167, 22, 2, 8, 5, 15, 393, '2022-08-23 12:33:49'), (6168, 23, 9, 3, 7, 19, 393, '2022-08-23 12:33:49'), (6169, 24, 6, 2, 0, 8, 393, '2022-08-23 12:33:49'), (6170, 25, 7, 1, 9, 17, 393, '2022-08-23 12:33:49'), (6171, 22, 3, 8, 0, 11, 394, '2022-08-23 12:40:19'), (6172, 23, 5, 4, 1, 10, 394, '2022-08-23 12:40:19'), (6173, 24, 1, 2, 3, 6, 394, '2022-08-23 12:40:19'), (6174, 25, 4, 7, 0, 11, 394, '2022-08-23 12:40:19'), (6175, 22, 5, 8, 3, 16, 395, '2022-08-23 12:45:49'), (6176, 23, 9, 6, 3, 18, 395, '2022-08-23 12:45:49'), (6177, 24, 7, 1, 4, 12, 395, '2022-08-23 12:45:49'), (6178, 25, 0, 1, 9, 10, 395, '2022-08-23 12:45:49'), (6179, 22, 3, 1, 6, 10, 396, '2022-08-23 12:52:20'), (6180, 23, 6, 4, 9, 19, 396, '2022-08-23 12:52:20'), (6181, 24, 3, 3, 1, 7, 396, '2022-08-23 12:52:20'), (6182, 25, 9, 0, 2, 11, 396, '2022-08-23 12:52:20'), (6183, 22, 8, 0, 1, 9, 397, '2022-08-23 12:57:22'), (6184, 23, 9, 2, 8, 19, 397, '2022-08-23 12:57:22'), (6185, 24, 4, 8, 9, 21, 397, '2022-08-23 12:57:22'), (6186, 25, 7, 8, 9, 24, 397, '2022-08-23 12:57:22'), (6187, 22, 4, 5, 1, 10, 398, '2022-08-23 13:03:21'), (6188, 23, 3, 6, 8, 17, 398, '2022-08-23 13:03:21'), (6189, 24, 8, 3, 9, 20, 398, '2022-08-23 13:03:21'), (6190, 25, 9, 3, 3, 15, 398, '2022-08-23 13:03:21'), (6191, 22, 7, 5, 5, 17, 399, '2022-08-23 13:09:17'), (6192, 23, 6, 8, 9, 23, 399, '2022-08-23 13:09:17'), (6193, 24, 8, 2, 3, 13, 399, '2022-08-23 13:09:17'), (6194, 25, 3, 4, 3, 10, 399, '2022-08-23 13:09:17'), (6195, 22, 5, 2, 7, 14, 400, '2022-08-23 13:14:49'), (6196, 23, 0, 3, 4, 7, 400, '2022-08-23 13:14:49'), (6197, 24, 3, 5, 3, 11, 400, '2022-08-23 13:14:49'), (6198, 25, 3, 8, 7, 18, 400, '2022-08-23 13:14:49'), (6199, 22, 1, 4, 8, 13, 401, '2022-08-23 13:20:23'), (6200, 23, 7, 3, 8, 18, 401, '2022-08-23 13:20:23'), (6201, 24, 3, 1, 6, 10, 401, '2022-08-23 13:20:23'), (6202, 25, 5, 0, 9, 14, 401, '2022-08-23 13:20:23'), (6203, 22, 3, 7, 5, 15, 402, '2022-08-23 13:25:49'), (6204, 23, 7, 8, 7, 22, 402, '2022-08-23 13:25:49'), (6205, 24, 2, 6, 7, 15, 402, '2022-08-23 13:25:49'), (6206, 25, 1, 7, 5, 13, 402, '2022-08-23 13:25:49'), (6207, 22, 3, 5, 9, 17, 403, '2022-08-23 13:32:19'), (6208, 23, 3, 7, 2, 12, 403, '2022-08-23 13:32:19'), (6209, 24, 4, 6, 3, 13, 403, '2022-08-23 13:32:19'), (6210, 25, 8, 6, 3, 17, 403, '2022-08-23 13:32:19'), (6211, 22, 7, 3, 9, 19, 404, '2022-08-23 13:37:49'), (6212, 23, 4, 7, 0, 11, 404, '2022-08-23 13:37:49'), (6213, 24, 2, 2, 2, 6, 404, '2022-08-23 13:37:49'), (6214, 25, 9, 1, 4, 14, 404, '2022-08-23 13:37:49'), (6215, 22, 4, 4, 6, 14, 405, '2022-08-23 13:44:18'), (6216, 23, 9, 8, 9, 26, 405, '2022-08-23 13:44:18'), (6217, 24, 5, 0, 2, 7, 405, '2022-08-23 13:44:18'), (6218, 25, 2, 1, 0, 3, 405, '2022-08-23 13:44:18'), (6219, 22, 9, 4, 7, 20, 406, '2022-08-23 13:49:49'), (6220, 23, 5, 8, 6, 19, 406, '2022-08-23 13:49:49'), (6221, 24, 3, 7, 7, 17, 406, '2022-08-23 13:49:49'), (6222, 25, 4, 7, 5, 16, 406, '2022-08-23 13:49:49'), (6223, 22, 2, 1, 5, 8, 407, '2022-08-23 13:56:21'), (6224, 23, 2, 5, 1, 8, 407, '2022-08-23 13:56:21'), (6225, 24, 5, 5, 1, 11, 407, '2022-08-23 13:56:21'), (6226, 25, 7, 2, 9, 18, 407, '2022-08-23 13:56:21'), (6227, 22, 3, 6, 9, 18, 408, '2022-08-23 14:01:49'), (6228, 23, 7, 0, 9, 16, 408, '2022-08-23 14:01:50'), (6229, 24, 4, 4, 7, 15, 408, '2022-08-23 14:01:50'), (6230, 25, 0, 5, 2, 7, 408, '2022-08-23 14:01:50'), (6231, 22, 5, 1, 9, 15, 409, '2022-08-23 14:07:22'), (6232, 23, 0, 6, 5, 11, 409, '2022-08-23 14:07:22'), (6233, 24, 6, 2, 3, 11, 409, '2022-08-23 14:07:22'), (6234, 25, 3, 4, 0, 7, 409, '2022-08-23 14:07:22'), (6235, 22, 0, 4, 9, 13, 410, '2022-08-23 14:12:24'), (6236, 23, 3, 8, 7, 18, 410, '2022-08-23 14:12:24'), (6237, 24, 7, 7, 5, 19, 410, '2022-08-23 14:12:24'), (6238, 25, 9, 6, 3, 18, 410, '2022-08-23 14:12:24'), (6239, 22, 0, 4, 3, 7, 411, '2022-08-23 14:17:49'), (6240, 23, 5, 7, 6, 18, 411, '2022-08-23 14:17:49'), (6241, 24, 3, 6, 1, 10, 411, '2022-08-23 14:17:49'), (6242, 25, 4, 8, 1, 13, 411, '2022-08-23 14:17:49'), (6243, 22, 6, 6, 6, 18, 412, '2022-08-23 14:24:20'), (6244, 23, 2, 6, 5, 13, 412, '2022-08-23 14:24:20'), (6245, 24, 5, 2, 3, 10, 412, '2022-08-23 14:24:20'), (6246, 25, 8, 6, 3, 17, 412, '2022-08-23 14:24:20'), (6247, 22, 5, 5, 2, 12, 413, '2022-08-23 14:29:49'), (6248, 23, 6, 6, 7, 19, 413, '2022-08-23 14:29:49'), (6249, 24, 6, 0, 0, 6, 413, '2022-08-23 14:29:49'), (6250, 25, 1, 8, 8, 17, 413, '2022-08-23 14:29:49'), (6251, 22, 3, 0, 4, 7, 414, '2022-08-23 14:34:51'), (6252, 23, 1, 6, 3, 10, 414, '2022-08-23 14:34:51'), (6253, 24, 7, 3, 0, 10, 414, '2022-08-23 14:34:51'), (6254, 25, 0, 3, 3, 6, 414, '2022-08-23 14:34:51'), (6255, 22, 3, 7, 4, 14, 415, '2022-08-23 14:40:22'), (6256, 23, 0, 3, 1, 4, 415, '2022-08-23 14:40:22'), (6257, 24, 4, 9, 8, 21, 415, '2022-08-23 14:40:22'), (6258, 25, 3, 2, 3, 8, 415, '2022-08-23 14:40:22'), (6259, 22, 3, 3, 1, 7, 416, '2022-08-23 14:45:24'), (6260, 23, 5, 0, 1, 6, 416, '2022-08-23 14:45:24'), (6261, 24, 6, 4, 0, 10, 416, '2022-08-23 14:45:24'), (6262, 25, 5, 0, 3, 8, 416, '2022-08-23 14:45:24'), (6263, 22, 5, 6, 0, 11, 417, '2022-08-23 14:51:02'), (6264, 23, 6, 6, 9, 21, 417, '2022-08-23 14:51:02'), (6265, 24, 6, 4, 2, 12, 417, '2022-08-23 14:51:02'), (6266, 25, 4, 9, 9, 22, 417, '2022-08-23 14:51:02'), (6267, 22, 7, 8, 4, 19, 418, '2022-08-23 14:56:05'), (6268, 23, 3, 0, 7, 10, 418, '2022-08-23 14:56:08'), (6269, 24, 7, 2, 2, 11, 418, '2022-08-23 14:56:08'), (6270, 25, 5, 0, 1, 6, 418, '2022-08-23 14:56:08'), (6271, 22, 1, 3, 0, 4, 419, '2022-08-23 15:02:23'), (6272, 23, 6, 1, 3, 10, 419, '2022-08-23 15:02:23'), (6273, 24, 0, 7, 1, 8, 419, '2022-08-23 15:02:23'), (6274, 25, 3, 3, 4, 10, 419, '2022-08-23 15:02:23'), (6275, 22, 5, 7, 4, 16, 420, '2022-08-23 15:07:50'), (6276, 23, 3, 5, 9, 17, 420, '2022-08-23 15:07:50'), (6277, 24, 0, 6, 9, 15, 420, '2022-08-23 15:07:50'), (6278, 25, 3, 6, 9, 18, 420, '2022-08-23 15:07:50'), (6279, 22, 6, 2, 9, 17, 421, '2022-08-23 15:12:53'), (6280, 23, 5, 2, 0, 7, 421, '2022-08-23 15:12:53'), (6281, 24, 8, 5, 9, 22, 421, '2022-08-23 15:12:53'), (6282, 25, 4, 9, 6, 19, 421, '2022-08-23 15:12:53'), (6283, 22, 8, 2, 2, 12, 422, '2022-08-23 15:19:01'), (6284, 23, 3, 3, 6, 12, 422, '2022-08-23 15:19:01'), (6285, 24, 2, 7, 7, 16, 422, '2022-08-23 15:19:01'), (6286, 25, 8, 9, 1, 18, 422, '2022-08-23 15:19:01'), (6287, 22, 8, 5, 5, 18, 423, '2022-08-23 15:24:49'), (6288, 23, 5, 6, 6, 17, 423, '2022-08-23 15:24:49'), (6289, 24, 7, 8, 1, 16, 423, '2022-08-23 15:24:49'), (6290, 25, 2, 8, 3, 13, 423, '2022-08-23 15:24:49'), (6291, 22, 3, 8, 1, 12, 424, '2022-08-23 15:30:50'), (6292, 23, 1, 4, 0, 5, 424, '2022-08-23 15:30:50'), (6293, 24, 6, 1, 5, 12, 424, '2022-08-23 15:30:50'), (6294, 25, 8, 3, 3, 14, 424, '2022-08-23 15:30:50'), (6295, 22, 1, 8, 4, 13, 425, '2022-08-23 15:36:50'), (6296, 23, 3, 4, 8, 15, 425, '2022-08-23 15:36:50'), (6297, 24, 5, 6, 2, 13, 425, '2022-08-23 15:36:50'), (6298, 25, 7, 4, 8, 19, 425, '2022-08-23 15:36:50'), (6299, 22, 4, 3, 7, 14, 426, '2022-08-23 15:42:49'), (6300, 23, 1, 8, 9, 18, 426, '2022-08-23 15:42:49'), (6301, 24, 6, 2, 7, 15, 426, '2022-08-23 15:42:49'), (6302, 25, 1, 2, 5, 8, 426, '2022-08-23 15:42:49'), (6303, 22, 0, 3, 0, 3, 427, '2022-08-23 15:48:49'), (6304, 23, 1, 5, 7, 13, 427, '2022-08-23 15:48:49'), (6305, 24, 7, 0, 9, 16, 427, '2022-08-23 15:48:49'), (6306, 25, 0, 0, 1, 1, 427, '2022-08-23 15:48:49'), (6307, 22, 5, 1, 4, 10, 428, '2022-08-23 15:54:49'), (6308, 23, 6, 0, 3, 9, 428, '2022-08-23 15:54:51'), (6309, 24, 6, 7, 4, 17, 428, '2022-08-23 15:54:51'), (6310, 25, 2, 4, 3, 9, 428, '2022-08-23 15:54:51'), (6311, 22, 2, 8, 2, 12, 429, '2022-08-23 16:00:54'), (6312, 23, 9, 7, 1, 17, 429, '2022-08-23 16:00:54'), (6313, 24, 2, 8, 7, 17, 429, '2022-08-23 16:00:54'), (6314, 25, 8, 4, 3, 15, 429, '2022-08-23 16:00:54'), (6315, 22, 3, 0, 6, 9, 430, '2022-08-23 16:06:50'), (6316, 23, 9, 9, 4, 22, 430, '2022-08-23 16:06:50'), (6317, 24, 3, 8, 2, 13, 430, '2022-08-23 16:06:50'), (6318, 25, 0, 5, 6, 11, 430, '2022-08-23 16:06:50'), (6319, 22, 2, 8, 2, 12, 431, '2022-08-23 16:11:52'), (6320, 23, 6, 6, 9, 21, 431, '2022-08-23 16:11:52'), (6321, 24, 6, 0, 8, 14, 431, '2022-08-23 16:11:52'), (6322, 25, 8, 1, 0, 9, 431, '2022-08-23 16:11:52'), (6323, 22, 7, 8, 0, 15, 432, '2022-08-23 16:17:49'), (6324, 23, 8, 0, 0, 8, 432, '2022-08-23 16:17:49'), (6325, 24, 2, 5, 0, 7, 432, '2022-08-23 16:17:49'), (6326, 25, 5, 6, 3, 14, 432, '2022-08-23 16:17:49'), (6327, 22, 6, 9, 3, 18, 433, '2022-08-23 16:23:52'), (6328, 23, 4, 8, 1, 13, 433, '2022-08-23 16:23:52'), (6329, 24, 3, 0, 8, 11, 433, '2022-08-23 16:23:52'), (6330, 25, 3, 7, 6, 16, 433, '2022-08-23 16:23:52'), (6331, 22, 8, 1, 3, 12, 434, '2022-08-23 16:29:52'), (6332, 23, 5, 9, 9, 23, 434, '2022-08-23 16:29:52'), (6333, 24, 9, 8, 0, 17, 434, '2022-08-23 16:29:52'), (6334, 25, 4, 8, 4, 16, 434, '2022-08-23 16:29:52'), (6335, 22, 8, 4, 8, 20, 435, '2022-08-23 16:34:54'), (6336, 23, 2, 7, 9, 18, 435, '2022-08-23 16:34:54'), (6337, 24, 4, 4, 0, 8, 435, '2022-08-23 16:34:54'), (6338, 25, 5, 1, 5, 11, 435, '2022-08-23 16:34:54'), (6339, 22, 5, 3, 2, 10, 436, '2022-08-23 16:40:50'), (6340, 23, 3, 0, 2, 5, 436, '2022-08-23 16:40:50'), (6341, 24, 9, 2, 3, 14, 436, '2022-08-23 16:40:50'), (6342, 25, 5, 2, 8, 15, 436, '2022-08-23 16:40:50'), (6343, 22, 1, 9, 6, 16, 437, '2022-08-23 16:46:49'), (6344, 23, 8, 7, 3, 18, 437, '2022-08-23 16:46:49'), (6345, 24, 5, 5, 1, 11, 437, '2022-08-23 16:46:49'), (6346, 25, 6, 7, 7, 20, 437, '2022-08-23 16:46:49'), (6347, 22, 4, 5, 8, 17, 438, '2022-08-23 16:52:49'), (6348, 23, 4, 0, 3, 7, 438, '2022-08-23 16:52:49'), (6349, 24, 9, 5, 1, 15, 438, '2022-08-23 16:52:49'), (6350, 25, 8, 0, 8, 16, 438, '2022-08-23 16:52:49'), (6351, 22, 8, 1, 9, 18, 439, '2022-08-23 16:58:51'), (6352, 23, 0, 4, 9, 13, 439, '2022-08-23 16:58:51'), (6353, 24, 5, 8, 4, 17, 439, '2022-08-23 16:58:51'), (6354, 25, 0, 5, 4, 9, 439, '2022-08-23 16:58:51'), (6355, 22, 3, 2, 9, 14, 440, '2022-08-23 17:04:49'), (6356, 23, 4, 6, 4, 14, 440, '2022-08-23 17:04:49'), (6357, 24, 7, 0, 0, 7, 440, '2022-08-23 17:04:49'), (6358, 25, 2, 1, 7, 10, 440, '2022-08-23 17:04:49'), (6359, 22, 5, 5, 2, 12, 441, '2022-08-23 17:09:51'), (6360, 23, 5, 5, 9, 19, 441, '2022-08-23 17:09:51'), (6361, 24, 5, 6, 9, 20, 441, '2022-08-23 17:09:51'), (6362, 25, 7, 6, 0, 13, 441, '2022-08-23 17:09:51'), (6363, 22, 1, 0, 1, 2, 442, '2022-08-23 17:15:49'), (6364, 23, 2, 0, 1, 3, 442, '2022-08-23 17:15:49'), (6365, 24, 8, 1, 2, 11, 442, '2022-08-23 17:15:49'), (6366, 25, 8, 0, 3, 11, 442, '2022-08-23 17:15:49'), (6367, 22, 5, 1, 0, 6, 443, '2022-08-23 17:21:49'), (6368, 23, 3, 6, 4, 13, 443, '2022-08-23 17:21:49'), (6369, 24, 3, 3, 3, 9, 443, '2022-08-23 17:21:49'), (6370, 25, 4, 2, 5, 11, 443, '2022-08-23 17:21:49'), (6371, 22, 0, 0, 8, 8, 444, '2022-08-23 17:26:51'), (6372, 23, 4, 0, 6, 10, 444, '2022-08-23 17:26:51'), (6373, 24, 0, 5, 8, 13, 444, '2022-08-23 17:26:51'), (6374, 25, 4, 0, 3, 7, 444, '2022-08-23 17:26:51'), (6375, 22, 0, 7, 4, 11, 445, '2022-08-23 17:31:53'), (6376, 23, 6, 7, 3, 16, 445, '2022-08-23 17:31:53'), (6377, 24, 7, 3, 7, 17, 445, '2022-08-23 17:31:53'), (6378, 25, 3, 8, 3, 14, 445, '2022-08-23 17:31:53'), (6379, 22, 7, 8, 5, 20, 446, '2022-08-23 17:37:49'), (6380, 23, 0, 1, 4, 5, 446, '2022-08-23 17:37:49'), (6381, 24, 5, 2, 6, 13, 446, '2022-08-23 17:37:49'), (6382, 25, 6, 9, 8, 23, 446, '2022-08-23 17:37:49'), (6383, 22, 6, 7, 9, 22, 447, '2022-08-23 17:43:49'), (6384, 23, 7, 2, 7, 16, 447, '2022-08-23 17:43:49'), (6385, 24, 4, 8, 2, 14, 447, '2022-08-23 17:43:49'), (6386, 25, 6, 6, 3, 15, 447, '2022-08-23 17:43:49'), (6387, 22, 5, 9, 1, 15, 448, '2022-08-23 17:49:49'), (6388, 23, 5, 0, 5, 10, 448, '2022-08-23 17:49:49'), (6389, 24, 6, 3, 1, 10, 448, '2022-08-23 17:49:49'), (6390, 25, 8, 6, 6, 20, 448, '2022-08-23 17:49:49'), (6391, 22, 1, 9, 9, 19, 449, '2022-08-23 17:55:21'), (6392, 23, 6, 0, 5, 11, 449, '2022-08-23 17:55:21'), (6393, 24, 5, 6, 4, 15, 449, '2022-08-23 17:55:21'), (6394, 25, 3, 7, 2, 12, 449, '2022-08-23 17:55:21'), (6395, 22, 2, 9, 9, 20, 450, '2022-08-23 18:00:23'), (6396, 23, 1, 5, 3, 9, 450, '2022-08-23 18:00:23'), (6397, 24, 2, 7, 8, 17, 450, '2022-08-23 18:00:23'), (6398, 25, 9, 7, 8, 24, 450, '2022-08-23 18:00:23'), (6399, 22, 8, 2, 9, 19, 451, '2022-08-23 18:05:49'), (6400, 23, 9, 9, 8, 26, 451, '2022-08-23 18:05:49'), (6401, 24, 1, 9, 0, 10, 451, '2022-08-23 18:05:49'), (6402, 25, 0, 8, 0, 8, 451, '2022-08-23 18:05:49'), (6403, 22, 4, 5, 9, 18, 452, '2022-08-23 18:11:49'), (6404, 23, 7, 9, 9, 25, 452, '2022-08-23 18:11:49'), (6405, 24, 0, 7, 9, 16, 452, '2022-08-23 18:11:49'), (6406, 25, 4, 5, 4, 13, 452, '2022-08-23 18:11:49'), (6407, 22, 0, 6, 9, 15, 453, '2022-08-23 18:18:19'), (6408, 23, 1, 3, 1, 5, 453, '2022-08-23 18:18:19'), (6409, 24, 8, 8, 9, 25, 453, '2022-08-23 18:18:19'), (6410, 25, 2, 3, 0, 5, 453, '2022-08-23 18:18:19'), (6411, 22, 6, 1, 5, 12, 454, '2022-08-23 18:23:21'), (6412, 23, 5, 1, 5, 11, 454, '2022-08-23 18:23:21'), (6413, 24, 4, 7, 7, 18, 454, '2022-08-23 18:23:21'), (6414, 25, 4, 9, 3, 16, 454, '2022-08-23 18:23:21'), (6415, 22, 4, 7, 6, 17, 455, '2022-08-23 18:28:49'), (6416, 23, 9, 5, 4, 18, 455, '2022-08-23 18:28:49'), (6417, 24, 2, 9, 2, 13, 455, '2022-08-23 18:28:49'), (6418, 25, 6, 4, 3, 13, 455, '2022-08-23 18:28:49'), (6419, 22, 8, 9, 3, 20, 456, '2022-08-23 18:34:22'), (6420, 23, 6, 4, 6, 16, 456, '2022-08-23 18:34:22'), (6421, 24, 8, 7, 8, 23, 456, '2022-08-23 18:34:22'), (6422, 25, 3, 3, 2, 8, 456, '2022-08-23 18:34:22'), (6423, 22, 0, 2, 8, 10, 457, '2022-08-23 18:39:24'), (6424, 23, 3, 7, 0, 10, 457, '2022-08-23 18:39:24'), (6425, 24, 4, 0, 3, 7, 457, '2022-08-23 18:39:24'), (6426, 25, 7, 3, 6, 16, 457, '2022-08-23 18:39:24'), (6427, 22, 8, 2, 7, 17, 458, '2022-08-23 18:44:49'), (6428, 23, 9, 4, 9, 22, 458, '2022-08-23 18:44:49'), (6429, 24, 0, 7, 8, 15, 458, '2022-08-23 18:44:49'), (6430, 25, 4, 1, 5, 10, 458, '2022-08-23 18:44:49'), (6431, 22, 1, 0, 5, 6, 459, '2022-08-23 18:51:19'), (6432, 23, 9, 3, 1, 13, 459, '2022-08-23 18:51:19'), (6433, 24, 0, 5, 8, 13, 459, '2022-08-23 18:51:19'), (6434, 25, 9, 3, 0, 12, 459, '2022-08-23 18:51:19'), (6435, 22, 1, 1, 8, 10, 460, '2022-08-23 18:56:49'), (6436, 23, 7, 6, 9, 22, 460, '2022-08-23 18:56:49'), (6437, 24, 2, 2, 8, 12, 460, '2022-08-23 18:56:49'), (6438, 25, 6, 7, 0, 13, 460, '2022-08-23 18:56:49'), (6439, 22, 9, 5, 6, 20, 461, '2022-08-23 19:02:50'), (6440, 23, 9, 4, 6, 19, 461, '2022-08-23 19:02:50'), (6441, 24, 6, 3, 9, 18, 461, '2022-08-23 19:02:50'), (6442, 25, 4, 7, 2, 13, 461, '2022-08-23 19:02:50'), (6443, 22, 3, 1, 6, 10, 462, '2022-08-23 19:07:52'), (6444, 23, 8, 6, 7, 21, 462, '2022-08-23 19:07:52'), (6445, 24, 9, 1, 7, 17, 462, '2022-08-23 19:07:52'), (6446, 25, 8, 5, 2, 15, 462, '2022-08-23 19:07:52'), (6447, 22, 3, 2, 0, 5, 463, '2022-08-23 19:13:50'), (6448, 23, 1, 4, 6, 11, 463, '2022-08-23 19:13:50'), (6449, 24, 3, 5, 9, 17, 463, '2022-08-23 19:13:50'), (6450, 25, 2, 5, 7, 14, 463, '2022-08-23 19:13:50'), (6451, 22, 7, 1, 4, 12, 464, '2022-08-23 19:18:52'), (6452, 23, 3, 2, 0, 5, 464, '2022-08-23 19:18:52'), (6453, 24, 2, 8, 4, 14, 464, '2022-08-23 19:18:52'), (6454, 25, 2, 5, 0, 7, 464, '2022-08-23 19:18:52'), (6455, 22, 0, 6, 6, 12, 465, '2022-08-23 19:24:49'), (6456, 23, 5, 8, 6, 19, 465, '2022-08-23 19:24:49'), (6457, 24, 5, 6, 5, 16, 465, '2022-08-23 19:24:49'), (6458, 25, 3, 0, 8, 11, 465, '2022-08-23 19:24:49'), (6459, 22, 1, 8, 2, 11, 466, '2022-08-23 19:30:49'), (6460, 23, 7, 7, 9, 23, 466, '2022-08-23 19:30:49'), (6461, 24, 7, 6, 9, 22, 466, '2022-08-23 19:30:49'), (6462, 25, 9, 7, 8, 24, 466, '2022-08-23 19:30:49'), (6463, 22, 5, 9, 7, 21, 467, '2022-08-23 19:35:51'), (6464, 23, 4, 8, 6, 18, 467, '2022-08-23 19:35:51'), (6465, 24, 8, 1, 1, 10, 467, '2022-08-23 19:35:51'), (6466, 25, 8, 5, 6, 19, 467, '2022-08-23 19:35:51'), (6467, 22, 2, 0, 4, 6, 468, '2022-08-23 19:42:20'), (6468, 23, 0, 4, 8, 12, 468, '2022-08-23 19:42:20'), (6469, 24, 9, 1, 7, 17, 468, '2022-08-23 19:42:20'), (6470, 25, 8, 0, 1, 9, 468, '2022-08-23 19:42:20'), (6471, 22, 3, 5, 9, 17, 469, '2022-08-23 19:47:49'), (6472, 23, 3, 1, 3, 7, 469, '2022-08-23 19:47:49'), (6473, 24, 7, 7, 1, 15, 469, '2022-08-23 19:47:49'), (6474, 25, 8, 1, 1, 10, 469, '2022-08-23 19:47:49'), (6475, 22, 7, 5, 3, 15, 470, '2022-08-23 19:53:51'), (6476, 23, 4, 4, 6, 14, 470, '2022-08-23 19:53:51'), (6477, 24, 0, 9, 9, 18, 470, '2022-08-23 19:53:51'), (6478, 25, 8, 1, 2, 11, 470, '2022-08-23 19:53:51'), (6479, 22, 4, 4, 5, 13, 471, '2022-08-23 20:00:03'), (6480, 23, 4, 8, 2, 14, 471, '2022-08-23 20:00:03'), (6481, 24, 3, 2, 0, 5, 471, '2022-08-23 20:00:03'), (6482, 25, 8, 4, 6, 18, 471, '2022-08-23 20:00:03'), (6483, 22, 9, 7, 0, 16, 472, '2022-08-23 20:05:49'), (6484, 23, 5, 9, 3, 17, 472, '2022-08-23 20:05:49'), (6485, 24, 1, 2, 0, 3, 472, '2022-08-23 20:05:49'), (6486, 25, 7, 5, 0, 12, 472, '2022-08-23 20:05:49'), (6487, 22, 0, 8, 6, 14, 473, '2022-08-23 20:10:51'), (6488, 23, 6, 5, 5, 16, 473, '2022-08-23 20:10:51'), (6489, 24, 8, 1, 2, 11, 473, '2022-08-23 20:10:51'), (6490, 25, 6, 6, 9, 21, 473, '2022-08-23 20:10:51'), (6491, 22, 1, 1, 0, 2, 474, '2022-08-23 20:16:23'), (6492, 23, 3, 2, 4, 9, 474, '2022-08-23 20:16:23'), (6493, 24, 2, 7, 1, 10, 474, '2022-08-23 20:16:23'), (6494, 25, 6, 9, 7, 22, 474, '2022-08-23 20:16:23'), (6495, 22, 0, 4, 8, 12, 475, '2022-08-23 20:21:49'), (6496, 23, 3, 1, 8, 12, 475, '2022-08-23 20:21:49'), (6497, 24, 3, 3, 1, 7, 475, '2022-08-23 20:21:49'), (6498, 25, 3, 9, 7, 19, 475, '2022-08-23 20:21:49'), (6499, 22, 3, 1, 8, 12, 476, '2022-08-23 20:27:49'), (6500, 23, 7, 3, 8, 18, 476, '2022-08-23 20:27:49'), (6501, 24, 5, 1, 3, 9, 476, '2022-08-23 20:27:49'), (6502, 25, 8, 6, 3, 17, 476, '2022-08-23 20:27:49'), (6503, 22, 0, 4, 8, 12, 477, '2022-08-23 20:33:49'), (6504, 23, 6, 8, 5, 19, 477, '2022-08-23 20:33:49'), (6505, 24, 1, 3, 2, 6, 477, '2022-08-23 20:33:49'), (6506, 25, 8, 8, 5, 21, 477, '2022-08-23 20:33:49'), (6507, 22, 7, 8, 6, 21, 478, '2022-08-23 20:39:49'), (6508, 23, 1, 9, 8, 18, 478, '2022-08-23 20:39:49'), (6509, 24, 0, 5, 0, 5, 478, '2022-08-23 20:39:49'), (6510, 25, 7, 4, 6, 17, 478, '2022-08-23 20:39:49'), (6511, 22, 2, 6, 1, 9, 479, '2022-08-23 20:45:07'), (6512, 23, 7, 8, 5, 20, 479, '2022-08-23 20:45:07'), (6513, 24, 7, 7, 1, 15, 479, '2022-08-23 20:45:07'), (6514, 25, 3, 6, 1, 10, 479, '2022-08-23 20:45:07'), (6515, 22, 1, 9, 4, 14, 480, '2022-08-23 20:50:09'), (6516, 23, 3, 8, 1, 12, 480, '2022-08-23 20:50:09'), (6517, 24, 0, 1, 6, 7, 480, '2022-08-23 20:50:09'), (6518, 25, 8, 1, 5, 14, 480, '2022-08-23 20:50:09'), (6519, 22, 1, 9, 1, 11, 481, '2022-08-23 20:55:49'), (6520, 23, 1, 3, 4, 8, 481, '2022-08-23 20:55:49'), (6521, 24, 5, 9, 7, 21, 481, '2022-08-23 20:55:49'), (6522, 25, 6, 3, 4, 13, 481, '2022-08-23 20:55:49'), (6523, 22, 3, 6, 7, 16, 482, '2022-08-23 21:01:22'), (6524, 23, 1, 9, 9, 19, 482, '2022-08-23 21:01:22'), (6525, 24, 2, 5, 2, 9, 482, '2022-08-23 21:01:22'), (6526, 25, 7, 4, 8, 19, 482, '2022-08-23 21:01:22'), (6527, 22, 4, 7, 4, 15, 483, '2022-08-23 21:07:17'), (6528, 23, 3, 2, 4, 9, 483, '2022-08-23 21:07:17'), (6529, 24, 6, 0, 7, 13, 483, '2022-08-23 21:07:17'), (6530, 25, 0, 1, 8, 9, 483, '2022-08-23 21:07:17'), (6531, 22, 8, 6, 5, 19, 484, '2022-08-23 21:12:19'), (6532, 23, 2, 6, 6, 14, 484, '2022-08-23 21:12:19'), (6533, 24, 6, 4, 3, 13, 484, '2022-08-23 21:12:19'), (6534, 25, 6, 3, 9, 18, 484, '2022-08-23 21:12:19'), (6535, 22, 3, 7, 1, 11, 485, '2022-08-23 21:17:52'), (6536, 23, 6, 2, 0, 8, 485, '2022-08-23 21:17:52'), (6537, 24, 3, 2, 5, 10, 485, '2022-08-23 21:17:52'), (6538, 25, 4, 3, 0, 7, 485, '2022-08-23 21:17:52'), (6539, 22, 2, 3, 4, 9, 486, '2022-08-23 21:23:49'), (6540, 23, 6, 0, 7, 13, 486, '2022-08-23 21:23:49'), (6541, 24, 5, 2, 7, 14, 486, '2022-08-23 21:23:49'), (6542, 25, 5, 6, 1, 12, 486, '2022-08-23 21:23:49'), (6543, 22, 0, 7, 2, 9, 487, '2022-08-23 21:28:51'), (6544, 23, 4, 1, 1, 6, 487, '2022-08-23 21:28:51'), (6545, 24, 5, 4, 0, 9, 487, '2022-08-23 21:28:51'), (6546, 25, 3, 6, 8, 17, 487, '2022-08-23 21:28:51'), (6547, 22, 8, 4, 9, 21, 488, '2022-08-23 21:33:53'), (6548, 23, 3, 0, 7, 10, 488, '2022-08-23 21:33:53'), (6549, 24, 6, 6, 0, 12, 488, '2022-08-23 21:33:53'), (6550, 25, 1, 4, 5, 10, 488, '2022-08-23 21:33:53'), (6551, 22, 9, 2, 2, 13, 489, '2022-08-23 21:40:20'), (6552, 23, 8, 4, 3, 15, 489, '2022-08-23 21:40:20'), (6553, 24, 6, 5, 3, 14, 489, '2022-08-23 21:40:20'), (6554, 25, 5, 1, 2, 8, 489, '2022-08-23 21:40:20'), (6555, 22, 8, 5, 4, 17, 490, '2022-08-30 20:28:31'), (6556, 23, 8, 1, 1, 10, 490, '2022-08-30 20:28:31'), (6557, 24, 2, 4, 4, 10, 490, '2022-08-30 20:28:31'), (6558, 25, 8, 9, 9, 26, 490, '2022-08-30 20:28:31'), (6559, 22, 9, 7, 1, 17, 491, '2022-08-30 20:30:56'), (6560, 23, 7, 1, 6, 14, 491, '2022-08-30 20:30:57'), (6561, 24, 2, 6, 0, 8, 491, '2022-08-30 20:30:57'), (6562, 25, 1, 0, 6, 7, 491, '2022-08-30 20:30:57'), (6563, 22, 0, 3, 1, 4, 492, '2022-08-30 20:36:36'), (6564, 23, 4, 2, 9, 15, 492, '2022-08-30 20:36:36'), (6565, 24, 2, 0, 6, 8, 492, '2022-08-30 20:36:36'), (6566, 25, 7, 0, 4, 11, 492, '2022-08-30 20:36:36'), (6567, 22, 6, 2, 6, 14, 493, '2022-08-30 20:41:38'), (6568, 23, 7, 2, 0, 9, 493, '2022-08-30 20:41:38'), (6569, 24, 1, 7, 5, 13, 493, '2022-08-30 20:41:38');
INSERT INTO `db_gennumber` (` gameNumber_id`, `gameNumber_room_id `, `num1`, `num2`, `num3`, `num_total`, `gen_id`, `gen_time`) VALUES (6570, 25, 5, 7, 7, 19, 493, '2022-08-30 20:41:38'), (6571, 22, 6, 2, 7, 15, 494, '2022-08-30 20:46:41'), (6572, 23, 8, 5, 7, 20, 494, '2022-08-30 20:46:41'), (6573, 24, 2, 7, 1, 10, 494, '2022-08-30 20:46:41'), (6574, 25, 7, 7, 4, 18, 494, '2022-08-30 20:46:41'), (6575, 22, 4, 9, 4, 17, 495, '2022-08-30 20:51:42'), (6576, 23, 3, 0, 3, 6, 495, '2022-08-30 20:51:42'), (6577, 24, 7, 0, 6, 13, 495, '2022-08-30 20:51:42'), (6578, 25, 9, 4, 8, 21, 495, '2022-08-30 20:51:42'), (6579, 22, 2, 8, 3, 13, 496, '2022-08-30 20:57:36'), (6580, 23, 9, 7, 7, 23, 496, '2022-08-30 20:57:36'), (6581, 24, 1, 0, 3, 4, 496, '2022-08-30 20:57:36'), (6582, 25, 1, 5, 1, 7, 496, '2022-08-30 20:57:36'), (6583, 22, 8, 1, 1, 10, 497, '2022-09-02 18:52:18'), (6584, 23, 6, 4, 8, 18, 497, '2022-09-02 18:52:18'), (6585, 24, 8, 5, 6, 19, 497, '2022-09-02 18:52:18'), (6586, 25, 1, 6, 1, 8, 497, '2022-09-02 18:52:18'), (6587, 22, 0, 5, 7, 12, 498, '2022-09-02 19:01:18'), (6588, 23, 9, 9, 8, 26, 498, '2022-09-02 19:01:18'), (6589, 24, 1, 8, 7, 16, 498, '2022-09-02 19:01:18'), (6590, 25, 2, 7, 4, 13, 498, '2022-09-02 19:01:18'), (6591, 22, 2, 4, 4, 10, 499, '2022-09-02 20:35:27'), (6592, 23, 3, 8, 2, 13, 499, '2022-09-02 20:35:27'), (6593, 24, 0, 4, 3, 7, 499, '2022-09-02 20:35:27'), (6594, 25, 9, 0, 5, 14, 499, '2022-09-02 20:35:27'), (6595, 22, 5, 6, 8, 19, 500, '2022-09-02 20:35:46'), (6596, 23, 3, 5, 9, 17, 500, '2022-09-02 20:35:46'), (6597, 24, 4, 8, 8, 20, 500, '2022-09-02 20:35:46'), (6598, 25, 3, 5, 0, 8, 500, '2022-09-02 20:35:46'), (6599, 22, 1, 3, 8, 12, 501, '2022-09-02 20:40:48'), (6600, 23, 7, 3, 9, 19, 501, '2022-09-02 20:40:48'), (6601, 24, 6, 1, 4, 11, 501, '2022-09-02 20:40:48'), (6602, 25, 1, 6, 8, 15, 501, '2022-09-02 20:40:48'), (6603, 22, 3, 0, 3, 6, 502, '2022-09-02 20:46:31'), (6604, 23, 3, 3, 0, 6, 502, '2022-09-02 20:46:31'), (6605, 24, 9, 3, 8, 20, 502, '2022-09-02 20:46:31'), (6606, 25, 2, 2, 5, 9, 502, '2022-09-02 20:46:31'), (6607, 22, 0, 2, 0, 2, 503, '2022-09-02 20:52:31'), (6608, 23, 7, 4, 6, 17, 503, '2022-09-02 20:52:31'), (6609, 24, 1, 8, 4, 13, 503, '2022-09-02 20:52:31'), (6610, 25, 0, 4, 8, 12, 503, '2022-09-02 20:52:31'), (6611, 22, 3, 0, 8, 11, 504, '2022-09-02 20:58:31'), (6612, 23, 0, 5, 9, 14, 504, '2022-09-02 20:58:31'), (6613, 24, 8, 0, 6, 14, 504, '2022-09-02 20:58:31'), (6614, 25, 9, 7, 5, 21, 504, '2022-09-02 20:58:31'), (6615, 22, 4, 7, 7, 18, 505, '2022-09-02 21:03:33'), (6616, 23, 3, 4, 7, 14, 505, '2022-09-02 21:03:37'), (6617, 24, 6, 6, 5, 17, 505, '2022-09-02 21:03:37'), (6618, 25, 1, 4, 3, 8, 505, '2022-09-02 21:03:37'), (6619, 22, 2, 7, 4, 13, 506, '2022-09-02 21:09:03'), (6620, 23, 3, 2, 0, 5, 506, '2022-09-02 21:09:03'), (6621, 24, 4, 4, 9, 17, 506, '2022-09-02 21:09:03'), (6622, 25, 8, 5, 6, 19, 506, '2022-09-02 21:09:03'), (6623, 22, 1, 5, 5, 11, 507, '2022-09-02 21:14:05'), (6624, 23, 4, 2, 1, 7, 507, '2022-09-02 21:14:05'), (6625, 24, 2, 4, 3, 9, 507, '2022-09-02 21:14:05'), (6626, 25, 0, 2, 5, 7, 507, '2022-09-02 21:14:05'), (6627, 22, 0, 0, 7, 7, 508, '2022-09-02 21:19:31'), (6628, 23, 1, 6, 3, 10, 508, '2022-09-02 21:19:31'), (6629, 24, 7, 6, 7, 20, 508, '2022-09-02 21:19:31'), (6630, 25, 8, 9, 8, 25, 508, '2022-09-02 21:19:31'), (6631, 22, 9, 5, 5, 19, 509, '2022-09-02 21:24:33'), (6632, 23, 0, 5, 7, 12, 509, '2022-09-02 21:24:33'), (6633, 24, 4, 2, 2, 8, 509, '2022-09-02 21:24:33'), (6634, 25, 9, 7, 0, 16, 509, '2022-09-02 21:24:33'), (6635, 22, 3, 3, 6, 12, 510, '2022-09-02 21:30:31'), (6636, 23, 7, 8, 7, 22, 510, '2022-09-02 21:30:31'), (6637, 24, 5, 9, 1, 15, 510, '2022-09-02 21:30:31'), (6638, 25, 5, 7, 8, 20, 510, '2022-09-02 21:30:31'), (6639, 22, 7, 4, 3, 14, 511, '2022-09-02 21:36:31'), (6640, 23, 5, 2, 1, 8, 511, '2022-09-02 21:36:31'), (6641, 24, 0, 2, 5, 7, 511, '2022-09-02 21:36:31'), (6642, 25, 4, 5, 0, 9, 511, '2022-09-02 21:36:31'), (6643, 22, 2, 0, 2, 4, 512, '2022-09-02 21:42:31'), (6644, 23, 1, 6, 8, 15, 512, '2022-09-02 21:42:31'), (6645, 24, 4, 0, 1, 5, 512, '2022-09-02 21:42:31'), (6646, 25, 2, 0, 7, 9, 512, '2022-09-02 21:42:31'), (6647, 22, 8, 7, 1, 16, 513, '2022-09-02 21:47:33'), (6648, 23, 5, 7, 6, 18, 513, '2022-09-02 21:47:33'), (6649, 24, 3, 8, 0, 11, 513, '2022-09-02 21:47:33'), (6650, 25, 4, 6, 3, 13, 513, '2022-09-02 21:47:33'), (6651, 22, 2, 1, 8, 11, 514, '2022-09-02 21:53:31'), (6652, 23, 1, 4, 4, 9, 514, '2022-09-02 21:53:31'), (6653, 24, 6, 5, 6, 17, 514, '2022-09-02 21:53:31'), (6654, 25, 1, 5, 9, 15, 514, '2022-09-02 21:53:31'), (6655, 22, 8, 3, 7, 18, 515, '2022-09-02 21:59:31'), (6656, 23, 1, 7, 7, 15, 515, '2022-09-02 21:59:31'), (6657, 24, 0, 8, 9, 17, 515, '2022-09-02 21:59:31'), (6658, 25, 2, 2, 0, 4, 515, '2022-09-02 21:59:31'), (6659, 22, 4, 9, 7, 20, 516, '2022-09-02 22:05:31'), (6660, 23, 2, 3, 3, 8, 516, '2022-09-02 22:05:31'), (6661, 24, 6, 0, 0, 6, 516, '2022-09-02 22:05:31'), (6662, 25, 8, 9, 6, 23, 516, '2022-09-02 22:05:31'), (6663, 22, 2, 6, 7, 15, 517, '2022-09-02 22:10:33'), (6664, 23, 4, 1, 5, 10, 517, '2022-09-02 22:10:33'), (6665, 24, 5, 3, 4, 12, 517, '2022-09-02 22:10:33'), (6666, 25, 1, 8, 0, 9, 517, '2022-09-02 22:10:33'), (6667, 22, 6, 3, 9, 18, 518, '2022-09-02 22:15:35'), (6668, 23, 1, 9, 1, 11, 518, '2022-09-02 22:15:35'), (6669, 24, 9, 0, 9, 18, 518, '2022-09-02 22:15:35'), (6670, 25, 2, 1, 2, 5, 518, '2022-09-02 22:15:35'), (6671, 22, 3, 0, 2, 5, 519, '2022-09-02 22:20:37'), (6672, 23, 2, 1, 1, 4, 519, '2022-09-02 22:20:37'), (6673, 24, 8, 6, 2, 16, 519, '2022-09-02 22:20:37'), (6674, 25, 0, 6, 7, 13, 519, '2022-09-02 22:20:37'), (6675, 22, 1, 7, 3, 11, 520, '2022-09-02 22:25:40'), (6676, 23, 1, 5, 9, 15, 520, '2022-09-02 22:25:40'), (6677, 24, 2, 3, 8, 13, 520, '2022-09-02 22:25:40'), (6678, 25, 0, 6, 7, 13, 520, '2022-09-02 22:25:40'), (6679, 22, 7, 1, 1, 9, 521, '2022-09-02 22:32:03'), (6680, 23, 4, 7, 7, 18, 521, '2022-09-02 22:32:03'), (6681, 24, 3, 5, 6, 14, 521, '2022-09-02 22:32:03'), (6682, 25, 2, 7, 2, 11, 521, '2022-09-02 22:32:03'), (6683, 22, 2, 1, 7, 10, 522, '2022-09-02 22:37:06'), (6684, 23, 1, 5, 0, 6, 522, '2022-09-02 22:37:10'), (6685, 24, 0, 5, 5, 10, 522, '2022-09-02 22:37:10'), (6686, 25, 7, 1, 7, 15, 522, '2022-09-02 22:37:10'), (6687, 22, 6, 9, 9, 24, 523, '2022-09-02 22:42:42'), (6688, 23, 6, 3, 3, 12, 523, '2022-09-02 22:42:42'), (6689, 24, 6, 9, 0, 15, 523, '2022-09-02 22:42:42'), (6690, 25, 5, 0, 5, 10, 523, '2022-09-02 22:42:42'), (6691, 22, 5, 6, 6, 17, 524, '2022-09-02 22:48:32'), (6692, 23, 2, 8, 6, 16, 524, '2022-09-02 22:48:33'), (6693, 24, 3, 7, 7, 17, 524, '2022-09-02 22:48:33'), (6694, 25, 4, 3, 0, 7, 524, '2022-09-02 22:48:33'), (6695, 22, 3, 4, 5, 12, 525, '2022-09-02 22:54:33'), (6696, 23, 2, 4, 9, 15, 525, '2022-09-02 22:54:33'), (6697, 24, 1, 7, 7, 15, 525, '2022-09-02 22:54:33'), (6698, 25, 1, 0, 2, 3, 525, '2022-09-02 22:54:33'), (6699, 22, 6, 3, 6, 15, 526, '2022-09-02 22:59:35'), (6700, 23, 7, 2, 3, 12, 526, '2022-09-02 22:59:35'), (6701, 24, 6, 1, 2, 9, 526, '2022-09-02 22:59:35'), (6702, 25, 3, 5, 0, 8, 526, '2022-09-02 22:59:35'), (6703, 22, 3, 5, 0, 8, 527, '2022-09-02 23:05:31'), (6704, 23, 2, 8, 1, 11, 527, '2022-09-02 23:05:31'), (6705, 24, 6, 8, 0, 14, 527, '2022-09-02 23:05:31'), (6706, 25, 2, 0, 0, 2, 527, '2022-09-02 23:05:31'), (6707, 22, 3, 2, 5, 10, 528, '2022-09-02 23:10:33'), (6708, 23, 8, 1, 6, 15, 528, '2022-09-02 23:10:33'), (6709, 24, 2, 5, 7, 14, 528, '2022-09-02 23:10:33'), (6710, 25, 5, 6, 5, 16, 528, '2022-09-02 23:10:33'), (6711, 22, 8, 3, 7, 18, 529, '2022-09-02 23:15:35'), (6712, 23, 8, 5, 7, 20, 529, '2022-09-02 23:15:35'), (6713, 24, 4, 7, 7, 18, 529, '2022-09-02 23:15:35'), (6714, 25, 4, 0, 8, 12, 529, '2022-09-02 23:15:35'), (6715, 22, 2, 4, 6, 12, 530, '2022-09-02 23:21:31'), (6716, 23, 7, 2, 6, 15, 530, '2022-09-02 23:21:31'), (6717, 24, 4, 4, 3, 11, 530, '2022-09-02 23:21:31'), (6718, 25, 3, 7, 8, 18, 530, '2022-09-02 23:21:31'), (6719, 22, 3, 1, 5, 9, 531, '2022-09-02 23:26:33'), (6720, 23, 9, 8, 1, 18, 531, '2022-09-02 23:26:33'), (6721, 24, 9, 2, 3, 14, 531, '2022-09-02 23:26:33'), (6722, 25, 7, 2, 8, 17, 531, '2022-09-02 23:26:33'), (6723, 22, 4, 5, 5, 14, 532, '2022-09-02 23:32:31'), (6724, 23, 3, 2, 4, 9, 532, '2022-09-02 23:32:31'), (6725, 24, 5, 8, 5, 18, 532, '2022-09-02 23:32:31'), (6726, 25, 9, 6, 5, 20, 532, '2022-09-02 23:32:31'), (6727, 22, 4, 2, 5, 11, 533, '2022-09-02 23:37:33'), (6728, 23, 0, 8, 3, 11, 533, '2022-09-02 23:37:33'), (6729, 24, 1, 5, 8, 14, 533, '2022-09-02 23:37:33'), (6730, 25, 6, 3, 2, 11, 533, '2022-09-02 23:37:33'), (6731, 22, 9, 7, 0, 16, 534, '2022-09-02 23:43:32'), (6732, 23, 9, 7, 9, 25, 534, '2022-09-02 23:43:32'), (6733, 24, 5, 5, 9, 19, 534, '2022-09-02 23:43:32'), (6734, 25, 0, 8, 1, 9, 534, '2022-09-02 23:43:32'), (6735, 22, 8, 3, 6, 17, 535, '2022-09-02 23:49:35'), (6736, 23, 5, 5, 8, 18, 535, '2022-09-02 23:49:35'), (6737, 24, 9, 2, 8, 19, 535, '2022-09-02 23:49:35'), (6738, 25, 5, 9, 9, 23, 535, '2022-09-02 23:49:35'), (6739, 22, 1, 6, 6, 13, 536, '2022-09-02 23:55:32'), (6740, 23, 9, 4, 0, 13, 536, '2022-09-02 23:55:32'), (6741, 24, 9, 4, 7, 20, 536, '2022-09-02 23:55:32'), (6742, 25, 6, 7, 0, 13, 536, '2022-09-02 23:55:32'), (6743, 22, 0, 9, 6, 15, 537, '2022-09-03 00:00:34'), (6744, 23, 4, 6, 9, 19, 537, '2022-09-03 00:00:34'), (6745, 24, 6, 4, 3, 13, 537, '2022-09-03 00:00:34'), (6746, 25, 9, 6, 2, 17, 537, '2022-09-03 00:00:34'), (6747, 22, 8, 7, 8, 23, 538, '2022-09-03 00:05:36'), (6748, 23, 9, 3, 9, 21, 538, '2022-09-03 00:05:36'), (6749, 24, 0, 6, 2, 8, 538, '2022-09-03 00:05:36'), (6750, 25, 5, 0, 3, 8, 538, '2022-09-03 00:05:36'), (6751, 22, 2, 1, 4, 7, 539, '2022-09-03 00:11:31'), (6752, 23, 6, 2, 0, 8, 539, '2022-09-03 00:11:31'), (6753, 24, 1, 4, 1, 6, 539, '2022-09-03 00:11:31'), (6754, 25, 3, 3, 1, 7, 539, '2022-09-03 00:11:31'), (6755, 22, 4, 5, 7, 16, 540, '2022-09-03 00:16:34'), (6756, 23, 1, 4, 8, 13, 540, '2022-09-03 00:16:34'), (6757, 24, 8, 6, 5, 19, 540, '2022-09-03 00:16:34'), (6758, 25, 6, 2, 6, 14, 540, '2022-09-03 00:16:34'), (6759, 22, 0, 3, 7, 10, 541, '2022-09-03 00:22:31'), (6760, 23, 7, 5, 7, 19, 541, '2022-09-03 00:22:31'), (6761, 24, 6, 2, 8, 16, 541, '2022-09-03 00:22:31'), (6762, 25, 1, 9, 3, 13, 541, '2022-09-03 00:22:31'), (6763, 22, 9, 3, 6, 18, 542, '2022-09-03 00:27:33'), (6764, 23, 7, 8, 4, 19, 542, '2022-09-03 00:27:33'), (6765, 24, 8, 1, 3, 12, 542, '2022-09-03 00:27:33'), (6766, 25, 5, 9, 7, 21, 542, '2022-09-03 00:27:33'), (6767, 22, 0, 2, 7, 9, 543, '2022-09-03 00:32:35'), (6768, 23, 5, 2, 0, 7, 543, '2022-09-03 00:32:35'), (6769, 24, 7, 8, 0, 15, 543, '2022-09-03 00:32:35'), (6770, 25, 4, 7, 5, 16, 543, '2022-09-03 00:32:35'), (6771, 22, 2, 0, 7, 9, 544, '2022-09-03 00:38:31'), (6772, 23, 1, 2, 5, 8, 544, '2022-09-03 00:38:31'), (6773, 24, 2, 2, 8, 12, 544, '2022-09-03 00:38:31'), (6774, 25, 6, 6, 2, 14, 544, '2022-09-03 00:38:31'), (6775, 22, 6, 7, 2, 15, 545, '2022-09-03 00:44:31'), (6776, 23, 6, 5, 2, 13, 545, '2022-09-03 00:44:31'), (6777, 24, 4, 7, 2, 13, 545, '2022-09-03 00:44:31'), (6778, 25, 5, 1, 3, 9, 545, '2022-09-03 00:44:31'), (6779, 22, 1, 5, 1, 7, 546, '2022-09-03 00:49:33'), (6780, 23, 9, 5, 8, 22, 546, '2022-09-03 00:49:33'), (6781, 24, 8, 5, 3, 16, 546, '2022-09-03 00:49:33'), (6782, 25, 4, 7, 9, 20, 546, '2022-09-03 00:49:33'), (6783, 22, 4, 2, 6, 12, 547, '2022-09-03 00:54:35'), (6784, 23, 5, 0, 8, 13, 547, '2022-09-03 00:54:35'), (6785, 24, 9, 5, 8, 22, 547, '2022-09-03 00:54:35'), (6786, 25, 2, 6, 0, 8, 547, '2022-09-03 00:54:35'), (6787, 22, 0, 6, 5, 11, 548, '2022-09-03 01:00:32'), (6788, 23, 1, 8, 3, 12, 548, '2022-09-03 01:00:38'), (6789, 24, 0, 8, 2, 10, 548, '2022-09-03 01:00:38'), (6790, 25, 5, 1, 9, 15, 548, '2022-09-03 01:00:38'), (6791, 22, 7, 3, 5, 15, 549, '2022-09-03 01:05:40'), (6792, 23, 8, 5, 6, 19, 549, '2022-09-03 01:05:40'), (6793, 24, 3, 4, 0, 7, 549, '2022-09-03 01:05:40'), (6794, 25, 2, 9, 9, 20, 549, '2022-09-03 01:05:40'), (6795, 22, 1, 2, 0, 3, 550, '2022-09-03 01:11:32'), (6796, 23, 0, 9, 4, 13, 550, '2022-09-03 01:11:33'), (6797, 24, 9, 3, 0, 12, 550, '2022-09-03 01:11:33'), (6798, 25, 8, 7, 4, 19, 550, '2022-09-03 01:11:33'), (6799, 22, 4, 8, 5, 17, 551, '2022-09-03 01:16:35'), (6800, 23, 0, 6, 2, 8, 551, '2022-09-03 01:16:35'), (6801, 24, 6, 0, 1, 7, 551, '2022-09-03 01:16:35'), (6802, 25, 0, 0, 2, 2, 551, '2022-09-03 01:16:35'), (6803, 22, 8, 0, 9, 17, 552, '2022-09-03 01:22:31'), (6804, 23, 1, 3, 9, 13, 552, '2022-09-03 01:22:31'), (6805, 24, 5, 3, 3, 11, 552, '2022-09-03 01:22:31'), (6806, 25, 9, 5, 9, 23, 552, '2022-09-03 01:22:31'), (6807, 22, 0, 1, 4, 5, 553, '2022-09-03 01:27:33'), (6808, 23, 8, 4, 5, 17, 553, '2022-09-03 01:27:33'), (6809, 24, 5, 2, 9, 16, 553, '2022-09-03 01:27:33'), (6810, 25, 2, 0, 5, 7, 553, '2022-09-03 01:27:33'), (6811, 22, 6, 4, 9, 19, 554, '2022-09-03 01:33:31'), (6812, 23, 7, 6, 8, 21, 554, '2022-09-03 01:33:36'), (6813, 24, 2, 6, 8, 16, 554, '2022-09-03 01:33:36'), (6814, 25, 1, 3, 0, 4, 554, '2022-09-03 01:33:36'), (6815, 22, 2, 2, 4, 8, 555, '2022-09-03 01:38:38'), (6816, 23, 3, 4, 1, 8, 555, '2022-09-03 01:38:38'), (6817, 24, 9, 0, 9, 18, 555, '2022-09-03 01:38:38'), (6818, 25, 4, 7, 2, 13, 555, '2022-09-03 01:38:38'), (6819, 22, 4, 0, 0, 4, 556, '2022-09-03 01:43:40'), (6820, 23, 2, 9, 9, 20, 556, '2022-09-03 01:43:40'), (6821, 24, 3, 6, 6, 15, 556, '2022-09-03 01:43:40'), (6822, 25, 5, 7, 5, 17, 556, '2022-09-03 01:43:40'), (6823, 22, 2, 5, 4, 11, 557, '2022-09-03 01:49:31'), (6824, 23, 4, 8, 1, 13, 557, '2022-09-03 01:49:31'), (6825, 24, 5, 7, 5, 17, 557, '2022-09-03 01:49:31'), (6826, 25, 0, 6, 3, 9, 557, '2022-09-03 01:49:31'), (6827, 22, 1, 9, 6, 16, 558, '2022-09-03 01:55:31'), (6828, 23, 9, 8, 2, 19, 558, '2022-09-03 01:55:31'), (6829, 24, 1, 0, 4, 5, 558, '2022-09-03 01:55:31'), (6830, 25, 6, 8, 3, 17, 558, '2022-09-03 01:55:31'), (6831, 22, 8, 3, 1, 12, 559, '2022-09-03 02:01:31'), (6832, 23, 3, 7, 4, 14, 559, '2022-09-03 02:01:31'), (6833, 24, 6, 7, 4, 17, 559, '2022-09-03 02:01:31'), (6834, 25, 2, 5, 5, 12, 559, '2022-09-03 02:01:31'), (6835, 22, 7, 6, 4, 17, 560, '2022-09-03 02:07:31'), (6836, 23, 4, 1, 0, 5, 560, '2022-09-03 02:07:31'), (6837, 24, 8, 8, 1, 17, 560, '2022-09-03 02:07:31'), (6838, 25, 6, 7, 8, 21, 560, '2022-09-03 02:07:31'), (6839, 22, 8, 5, 6, 19, 561, '2022-09-03 02:13:31'), (6840, 23, 2, 2, 0, 4, 561, '2022-09-03 02:13:31'), (6841, 24, 2, 8, 0, 10, 561, '2022-09-03 02:13:31'), (6842, 25, 3, 2, 8, 13, 561, '2022-09-03 02:13:31'), (6843, 22, 3, 3, 4, 10, 562, '2022-09-03 02:19:31'), (6844, 23, 4, 3, 7, 14, 562, '2022-09-03 02:19:31'), (6845, 24, 0, 9, 8, 17, 562, '2022-09-03 02:19:31'), (6846, 25, 9, 0, 1, 10, 562, '2022-09-03 02:19:31'), (6847, 22, 2, 0, 3, 5, 563, '2022-09-03 02:25:02'), (6848, 23, 6, 6, 3, 15, 563, '2022-09-03 02:25:02'), (6849, 24, 0, 4, 5, 9, 563, '2022-09-03 02:25:02'), (6850, 25, 9, 6, 6, 21, 563, '2022-09-03 02:25:02'), (6851, 22, 5, 5, 7, 17, 564, '2022-09-03 02:30:04'), (6852, 23, 1, 0, 1, 2, 564, '2022-09-03 02:30:04'), (6853, 24, 0, 4, 6, 10, 564, '2022-09-03 02:30:04'), (6854, 25, 1, 8, 4, 13, 564, '2022-09-03 02:30:04'), (6855, 22, 3, 8, 8, 19, 565, '2022-09-03 02:35:31'), (6856, 23, 5, 6, 8, 19, 565, '2022-09-03 02:35:31'), (6857, 24, 0, 5, 9, 14, 565, '2022-09-03 02:35:31'), (6858, 25, 0, 7, 3, 10, 565, '2022-09-03 02:35:31'), (6859, 22, 3, 7, 9, 19, 566, '2022-09-03 02:41:31'), (6860, 23, 6, 5, 3, 14, 566, '2022-09-03 02:41:31'), (6861, 24, 4, 0, 1, 5, 566, '2022-09-03 02:41:31'), (6862, 25, 2, 2, 0, 4, 566, '2022-09-03 02:41:31'), (6863, 22, 2, 0, 0, 2, 567, '2022-09-03 02:46:34'), (6864, 23, 8, 5, 9, 22, 567, '2022-09-03 02:46:34'), (6865, 24, 1, 9, 8, 18, 567, '2022-09-03 02:46:34'), (6866, 25, 9, 5, 9, 23, 567, '2022-09-03 02:46:34'), (6867, 22, 2, 7, 9, 18, 568, '2022-09-03 02:51:36'), (6868, 23, 6, 3, 5, 14, 568, '2022-09-03 02:51:36'), (6869, 24, 7, 7, 0, 14, 568, '2022-09-03 02:51:36'), (6870, 25, 1, 6, 0, 7, 568, '2022-09-03 02:51:36'), (6871, 22, 2, 3, 4, 9, 569, '2022-09-03 02:57:31'), (6872, 23, 4, 9, 4, 17, 569, '2022-09-03 02:57:31'), (6873, 24, 5, 5, 3, 13, 569, '2022-09-03 02:57:31'), (6874, 25, 4, 2, 8, 14, 569, '2022-09-03 02:57:31'), (6875, 22, 9, 7, 0, 16, 570, '2022-09-03 03:02:53'), (6876, 23, 7, 1, 5, 13, 570, '2022-09-03 03:02:53'), (6877, 24, 8, 6, 6, 20, 570, '2022-09-03 03:02:53'), (6878, 25, 0, 1, 5, 6, 570, '2022-09-03 03:02:53'), (6879, 22, 8, 7, 2, 17, 571, '2022-09-03 03:08:31'), (6880, 23, 5, 1, 2, 8, 571, '2022-09-03 03:08:31'), (6881, 24, 5, 9, 7, 21, 571, '2022-09-03 03:08:31'), (6882, 25, 0, 0, 3, 3, 571, '2022-09-03 03:08:31'), (6883, 22, 1, 8, 0, 9, 572, '2022-09-03 03:14:31'), (6884, 23, 9, 4, 4, 17, 572, '2022-09-03 03:14:31'), (6885, 24, 6, 9, 1, 16, 572, '2022-09-03 03:14:31'), (6886, 25, 8, 2, 2, 12, 572, '2022-09-03 03:14:31'), (6887, 22, 4, 0, 5, 9, 573, '2022-09-03 03:20:31'), (6888, 23, 7, 3, 2, 12, 573, '2022-09-03 03:20:31'), (6889, 24, 3, 7, 8, 18, 573, '2022-09-03 03:20:31'), (6890, 25, 0, 4, 8, 12, 573, '2022-09-03 03:20:31'), (6891, 22, 3, 1, 3, 7, 574, '2022-09-03 03:25:33'), (6892, 23, 2, 3, 6, 11, 574, '2022-09-03 03:25:33'), (6893, 24, 6, 9, 2, 17, 574, '2022-09-03 03:25:33'), (6894, 25, 1, 0, 8, 9, 574, '2022-09-03 03:25:33'), (6895, 22, 3, 1, 4, 8, 575, '2022-09-03 03:31:39'), (6896, 23, 7, 3, 5, 15, 575, '2022-09-03 03:31:39'), (6897, 24, 0, 5, 6, 11, 575, '2022-09-03 03:31:39'), (6898, 25, 6, 8, 5, 19, 575, '2022-09-03 03:31:39'), (6899, 22, 6, 5, 4, 15, 576, '2022-09-03 03:36:41'), (6900, 23, 2, 4, 0, 6, 576, '2022-09-03 03:36:41'), (6901, 24, 3, 8, 1, 12, 576, '2022-09-03 03:36:41'), (6902, 25, 8, 6, 2, 16, 576, '2022-09-03 03:36:41'), (6903, 22, 5, 0, 2, 7, 577, '2022-09-03 03:42:43'), (6904, 23, 3, 3, 4, 10, 577, '2022-09-03 03:42:43'), (6905, 24, 9, 5, 2, 16, 577, '2022-09-03 03:42:43'), (6906, 25, 2, 6, 9, 17, 577, '2022-09-03 03:42:43'), (6907, 22, 5, 3, 2, 10, 578, '2022-09-03 03:47:45'), (6908, 23, 4, 3, 4, 11, 578, '2022-09-03 03:47:45'), (6909, 24, 5, 9, 5, 19, 578, '2022-09-03 03:47:45'), (6910, 25, 6, 2, 4, 12, 578, '2022-09-03 03:47:45'), (6911, 22, 5, 8, 9, 22, 579, '2022-09-03 03:53:31'), (6912, 23, 4, 5, 0, 9, 579, '2022-09-03 03:53:31'), (6913, 24, 3, 2, 8, 13, 579, '2022-09-03 03:53:31'), (6914, 25, 6, 7, 3, 16, 579, '2022-09-03 03:53:31'), (6915, 22, 1, 4, 1, 6, 580, '2022-09-03 03:58:33'), (6916, 23, 9, 7, 2, 18, 580, '2022-09-03 03:58:33'), (6917, 24, 1, 6, 8, 15, 580, '2022-09-03 03:58:33'), (6918, 25, 8, 5, 4, 17, 580, '2022-09-03 03:58:33'), (6919, 22, 8, 8, 4, 20, 581, '2022-09-03 04:04:31'), (6920, 23, 3, 3, 3, 9, 581, '2022-09-03 04:04:31'), (6921, 24, 7, 7, 5, 19, 581, '2022-09-03 04:04:31'), (6922, 25, 0, 1, 1, 2, 581, '2022-09-03 04:04:31'), (6923, 22, 4, 9, 2, 15, 582, '2022-09-03 04:10:31'), (6924, 23, 2, 8, 6, 16, 582, '2022-09-03 04:10:31'), (6925, 24, 2, 1, 6, 9, 582, '2022-09-03 04:10:31'), (6926, 25, 6, 5, 9, 20, 582, '2022-09-03 04:10:31'), (6927, 22, 0, 8, 4, 12, 583, '2022-09-03 04:15:33'), (6928, 23, 5, 1, 6, 12, 583, '2022-09-03 04:15:33'), (6929, 24, 2, 0, 5, 7, 583, '2022-09-03 04:15:33'), (6930, 25, 1, 1, 1, 3, 583, '2022-09-03 04:15:33'), (6931, 22, 6, 5, 3, 14, 584, '2022-09-03 04:21:31'), (6932, 23, 3, 7, 4, 14, 584, '2022-09-03 04:21:31'), (6933, 24, 1, 6, 8, 15, 584, '2022-09-03 04:21:31'), (6934, 25, 8, 9, 9, 26, 584, '2022-09-03 04:21:31'), (6935, 22, 1, 9, 5, 15, 585, '2022-09-03 04:26:33'), (6936, 23, 3, 5, 3, 11, 585, '2022-09-03 04:26:33'), (6937, 24, 2, 6, 4, 12, 585, '2022-09-03 04:26:33'), (6938, 25, 3, 0, 7, 10, 585, '2022-09-03 04:26:33'), (6939, 22, 3, 4, 4, 11, 586, '2022-09-03 04:32:31'), (6940, 23, 1, 3, 3, 7, 586, '2022-09-03 04:32:34'), (6941, 24, 7, 8, 2, 17, 586, '2022-09-03 04:32:34'), (6942, 25, 7, 6, 0, 13, 586, '2022-09-03 04:32:34'), (6943, 22, 4, 3, 5, 12, 587, '2022-09-03 04:37:36'), (6944, 23, 6, 9, 1, 16, 587, '2022-09-03 04:37:36'), (6945, 24, 1, 1, 0, 2, 587, '2022-09-03 04:37:36'), (6946, 25, 2, 8, 7, 17, 587, '2022-09-03 04:37:36'), (6947, 22, 9, 4, 4, 17, 588, '2022-09-03 04:43:31'), (6948, 23, 0, 7, 6, 13, 588, '2022-09-03 04:43:31'), (6949, 24, 5, 8, 0, 13, 588, '2022-09-03 04:43:31'), (6950, 25, 3, 0, 9, 12, 588, '2022-09-03 04:43:31'), (6951, 22, 5, 5, 6, 16, 589, '2022-09-03 04:49:31'), (6952, 23, 5, 3, 0, 8, 589, '2022-09-03 04:49:31'), (6953, 24, 6, 4, 9, 19, 589, '2022-09-03 04:49:31'), (6954, 25, 4, 1, 7, 12, 589, '2022-09-03 04:49:31'), (6955, 22, 0, 3, 8, 11, 590, '2022-09-03 04:55:31'), (6956, 23, 1, 6, 1, 8, 590, '2022-09-03 04:55:31'), (6957, 24, 7, 1, 5, 13, 590, '2022-09-03 04:55:31'), (6958, 25, 4, 1, 4, 9, 590, '2022-09-03 04:55:31'), (6959, 22, 8, 5, 5, 18, 591, '2022-09-03 05:01:31'), (6960, 23, 8, 4, 6, 18, 591, '2022-09-03 05:01:31'), (6961, 24, 7, 2, 0, 9, 591, '2022-09-03 05:01:31'), (6962, 25, 4, 3, 3, 10, 591, '2022-09-03 05:01:31'), (6963, 22, 6, 5, 6, 17, 592, '2022-09-03 05:06:33'), (6964, 23, 8, 2, 3, 13, 592, '2022-09-03 05:06:33'), (6965, 24, 0, 5, 5, 10, 592, '2022-09-03 05:06:33'), (6966, 25, 4, 5, 2, 11, 592, '2022-09-03 05:06:33'), (6967, 22, 5, 0, 9, 14, 593, '2022-09-03 05:12:31'), (6968, 23, 9, 8, 3, 20, 593, '2022-09-03 05:12:31'), (6969, 24, 8, 5, 9, 22, 593, '2022-09-03 05:12:31'), (6970, 25, 2, 3, 4, 9, 593, '2022-09-03 05:12:31'), (6971, 22, 2, 9, 0, 11, 594, '2022-09-03 05:17:33'), (6972, 23, 1, 1, 9, 11, 594, '2022-09-03 05:17:33'), (6973, 24, 6, 0, 0, 6, 594, '2022-09-03 05:17:33'), (6974, 25, 3, 3, 2, 8, 594, '2022-09-03 05:17:33'), (6975, 22, 1, 3, 0, 4, 595, '2022-09-03 05:23:31'), (6976, 23, 7, 6, 0, 13, 595, '2022-09-03 05:23:31'), (6977, 24, 9, 3, 8, 20, 595, '2022-09-03 05:23:31'), (6978, 25, 1, 2, 5, 8, 595, '2022-09-03 05:23:31'), (6979, 22, 0, 6, 0, 6, 596, '2022-09-03 05:29:31'), (6980, 23, 3, 7, 3, 13, 596, '2022-09-03 05:29:31'), (6981, 24, 9, 3, 4, 16, 596, '2022-09-03 05:29:31'), (6982, 25, 4, 1, 8, 13, 596, '2022-09-03 05:29:31'), (6983, 22, 1, 2, 8, 11, 597, '2022-09-23 11:01:20'), (6984, 23, 2, 7, 6, 15, 597, '2022-09-23 11:01:20'), (6985, 24, 1, 3, 9, 13, 597, '2022-09-23 11:01:20'), (6986, 25, 5, 3, 8, 16, 597, '2022-09-23 11:01:20'), (6987, 22, 4, 0, 2, 6, 598, '2022-09-23 11:06:21'), (6988, 23, 6, 6, 8, 20, 598, '2022-09-23 11:06:21'), (6989, 24, 0, 3, 0, 3, 598, '2022-09-23 11:06:21'), (6990, 25, 3, 4, 3, 10, 598, '2022-09-23 11:06:21'), (6991, 22, 0, 5, 0, 5, 599, '2022-09-23 11:11:34'), (6992, 23, 1, 5, 4, 10, 599, '2022-09-23 11:11:34'), (6993, 24, 7, 8, 9, 24, 599, '2022-09-23 11:11:34'), (6994, 25, 3, 1, 5, 9, 599, '2022-09-23 11:11:34'), (6995, 22, 0, 5, 4, 9, 600, '2022-12-02 11:35:09'), (6996, 23, 1, 8, 8, 17, 600, '2022-12-02 11:35:09'), (6997, 24, 9, 1, 6, 16, 600, '2022-12-02 11:35:09'), (6998, 25, 6, 7, 8, 21, 600, '2022-12-02 11:35:10');
-- --------------------------------------------------------
--
-- TABLE structure for TABLE `db_new`
--

CREATE TABLE `db_new` ( `new_id` int (11) NOT NULL, `new_img` varchar (255) NOT NULL ) ENGINE = InnoDB DEFAULT CHARSET = utf8;
--
-- Dumping data for TABLE `db_new`
--
INSERT INTO `db_new` (` new_id`, `new_img `) VALUES (14, 'newss.png');
-- --------------------------------------------------------
--
-- TABLE structure for TABLE `db_order`
--

CREATE TABLE `db_order` ( `order_id` int (11) NOT NULL, `order_type` int (11) NOT NULL, `order_room_id` int (11) NOT NULL, `order_owner_id` int (11) NOT NULL, `order_value` double NOT NULL ) ENGINE = InnoDB DEFAULT CHARSET = utf8;
-- --------------------------------------------------------
--
-- TABLE structure for TABLE `db_payment`
--

CREATE TABLE `db_payment` ( `payment_id` int (11) NOT NULL, `payment_owner` int (11) NOT NULL, `payment_value` int (11) NOT NULL, `payment_img` varchar (255) NOT NULL, `payment_status` tinyint (1) NOT NULL, `payment_target` int (11) NOT NULL, `payment_time` datetime NOT NULL, `payment_no` varchar (50) NOT NULL ) ENGINE = InnoDB DEFAULT CHARSET = utf8;
--
-- Dumping data for TABLE `db_payment`
--
INSERT INTO `db_payment` (` payment_id`, `payment_owner `, `payment_value`, `payment_img`, `payment_status`, `payment_target`, `payment_time`, `payment_no`) VALUES (43, 35, 3500, 'logo-coo.png', 1, 1, '2022-12-02 13:59:10', '1111122');
-- --------------------------------------------------------
--
-- TABLE structure for TABLE `db_payment_history`
--

CREATE TABLE `db_payment_history` ( `payhistory_id` int (11) NOT NULL, `payhistory_owner_id` int (11) NOT NULL, `payhistory_type` int (11) NOT NULL, `payhistory_value` varchar (50) NOT NULL, `payhistory_by_id` int (11) NOT NULL, `payhistory_time` datetime NOT NULL ) ENGINE = InnoDB DEFAULT CHARSET = utf8;
--
-- Dumping data for TABLE `db_payment_history`
--
INSERT INTO `db_payment_history` (` payhistory_id`, `payhistory_owner_id `, `payhistory_type`, `payhistory_value`, `payhistory_by_id`, `payhistory_time`) VALUES (279, 1, 4, 'ลด 10000', 1, '2022-07-31 21:00:27'), (280, 1, 4, 'ลด 9000', 1, '2022-07-31 21:00:41'), (281, 1, 4, 'ลด 81000', 1, '2022-07-31 21:00:54'), (282, 38, 4, 'เพิ่ม 30000', 1, '2022-08-04 11:58:37'), (283, 40, 4, 'เพิ่ม 30000', 1, '2022-08-04 14:29:22'), (284, 39, 4, 'เพิ่ม 30000', 1, '2022-08-04 14:30:19'), (285, 39, 4, 'เพิ่ม 30000', 1, '2022-08-04 14:36:41'), (286, 40, 4, 'เพิ่ม 30000', 1, '2022-08-04 14:37:02'), (287, 40, 4, 'เพิ่ม 30000', 1, '2022-08-04 14:37:02'), (288, 39, 4, 'เพิ่ม 30000', 1, '2022-08-04 14:46:21'), (289, 40, 6, '10000 + 500', -1, '2022-08-04 14:52:59'), (290, 38, 6, '20000 + 1000', -1, '2022-08-04 14:58:00'), (291, 40, 6, '30500 + 1525', -1, '2022-08-04 14:58:00'), (292, 39, 4, 'เพิ่ม 50000', 1, '2022-08-04 15:15:21'), (293, 40, 4, 'เพิ่ม 50000', 1, '2022-08-04 15:15:46'), (294, 38, 4, 'เพิ่ม 50000', 1, '2022-08-04 15:16:00'), (295, 40, 6, '5000 + 250', -1, '2022-08-04 15:21:14'), (296, 40, 6, '5000 + 250', -1, '2022-08-04 15:22:20'), (297, 40, 4, 'เพิ่ม 50000', 1, '2022-08-04 15:25:20'), (298, 40, 2, '42525', 40, '2022-08-04 15:32:03'), (299, 40, 3, '42525', 1, '2022-08-04 15:32:17'), (300, 41, 4, 'เพิ่ม 300000', 1, '2022-08-06 21:01:39'), (301, 41, 6, '5000 + 250', -1, '2022-08-06 21:07:15'), (302, 41, 2, '300000', 41, '2022-08-06 21:19:35'), (303, 41, 3, '300000', 1, '2022-08-06 21:19:52'), (304, 40, 4, 'เพิ่ม 30000', 1, '2022-08-11 19:08:49'), (305, 39, 4, 'เพิ่ม 30000', 1, '2022-08-11 19:09:15'), (306, 41, 4, 'เพิ่ม 100000', 1, '2022-08-13 16:02:27'), (307, 41, 6, '10000 + 500', -1, '2022-08-13 16:08:36'), (308, 41, 2, '50000', 41, '2022-08-13 16:10:51'), (309, 41, 3, '50000', 1, '2022-08-13 16:11:10'), (310, 48, 4, 'เพิ่ม 5000', 1, '2022-08-30 20:25:45'), (311, 47, 4, 'เพิ่ม ', 1, '2022-08-30 20:27:47'), (312, 1, 4, 'เพิ่ม 5000', 1, '2022-08-30 20:27:52'), (313, 47, 4, 'เพิ่ม ', 1, '2022-08-30 20:49:43'), (314, 1, 4, 'เพิ่ม 5000', 1, '2022-08-30 20:49:47'), (315, 48, 4, 'เพิ่ม 5000', 1, '2022-08-30 20:50:13'), (316, 47, 4, 'เพิ่ม 5000', 1, '2022-08-30 20:51:22'), (317, 48, 4, 'เพิ่ม 5000', 1, '2022-08-30 20:53:59'), (318, 48, 4, 'ลด 5000', 1, '2022-08-30 20:55:54'), (319, 48, 4, 'เพิ่ม 5000', 1, '2022-08-30 20:56:03'), (320, 42, 4, 'เพิ่ม 100000', 1, '2022-08-30 20:58:57'), (321, 49, 4, 'เพิ่ม 5000', 1, '2022-08-30 21:02:01'), (322, 1, 6, '5000 + 250', -1, '2022-09-02 20:40:48'), (323, 51, 4, 'เพิ่ม 157983', 1, '2022-09-19 21:18:55'), (324, 35, 0, '3500', 35, '2022-12-02 13:59:10'), (325, 35, 1, '3500', 1, '2022-12-02 13:59:38');
-- --------------------------------------------------------
--
-- TABLE structure for TABLE `db_payment_method`
--

CREATE TABLE `db_payment_method` ( `paymethod_id` int (11) NOT NULL, `paymethod_bank` varchar (50) NOT NULL, `paymethod_name` varchar (50) NOT NULL, `paymethod_no` varchar (50) NOT NULL ) ENGINE = InnoDB DEFAULT CHARSET = utf8;
--
-- Dumping data for TABLE `db_payment_method`
--
INSERT INTO `db_payment_method` (` paymethod_id`, `paymethod_bank `, `paymethod_name`, `paymethod_no`) VALUES (1, 'kbank', 'kbank-user', '1112');
-- --------------------------------------------------------
--
-- TABLE structure for TABLE `db_problem`
--

CREATE TABLE `db_problem` ( `prob_id` int (11) NOT NULL, `prob_title` varchar (50) NOT NULL, `prob_desc` longtext NOT NULL, `prob_place` varchar (50) NOT NULL, `prob_image` varchar (255) NOT NULL, `prob_time` datetime NOT NULL ) ENGINE = InnoDB DEFAULT CHARSET = utf8;
--
-- Dumping data for TABLE `db_problem`
--
INSERT INTO `db_problem` (` prob_id`, `prob_title `, `prob_desc`, `prob_place`, `prob_image`, `prob_time`) VALUES (18, 'problem', 'not ', 'bkk', 'logo-coo.png', '2022-12-02 13:55:37');
-- --------------------------------------------------------
--
-- TABLE structure for TABLE `db_setting`
--

CREATE TABLE `db_setting` ( `setting_id` int (11) NOT NULL, `setting_minadd` int (11) NOT NULL, `setting_minwit` int (11) NOT NULL, `setting_bonus` int (11) NOT NULL, `setting_webstatus` int (11) NOT NULL, `setting_delay` int (11) NOT NULL, `time_start` time NOT NULL, `time_end` time NOT NULL, `time_enable` int (11) NOT NULL ) ENGINE = InnoDB DEFAULT CHARSET = utf8;
--
-- Dumping data for TABLE `db_setting`
--
INSERT INTO `db_setting` (` setting_id`, `setting_minadd `, `setting_minwit`, `setting_bonus`, `setting_webstatus`, `setting_delay`, `time_start`, `time_end`, `time_enable`) VALUES (1, 3000, 3000, 5, 0, 300, '16:00:00', '23:59:00', 1), (2, 3000, 500, 5, 0, 300, '00:00:00', '00:00:00', 0);
-- --------------------------------------------------------
--
-- TABLE structure for TABLE `db_user`
--

CREATE TABLE `db_user` ( `user_id` int (11) NOT NULL, `user_username` varchar (50) NOT NULL, `user_password` varchar (50) NOT NULL, `user_pin` varchar (4) DEFAULT NULL, `user_email` varchar (50) NOT NULL, `user_name` varchar (50) NOT NULL, `user_lastname` varchar (100) NOT NULL, `user_priority` int (1) NOT NULL, `user_regis_at` datetime NOT NULL, `user_login_at` datetime NOT NULL, `user_pic` varchar (255) NOT NULL, `user_room` int (11) DEFAULT NULL ) ENGINE = InnoDB DEFAULT CHARSET = utf8;
--
-- Dumping data for TABLE `db_user`
--
INSERT INTO `db_user` (` user_id`, `user_username`, `user_password`, `user_pin `, `user_email`, `user_name`, `user_lastname`, `user_priority`, `user_regis_at`, `user_login_at`, `user_pic`, `user_room`) VALUES (1, 'root', '1234', '1234', 'admin@mail.com', 'admin', 'admin', 2, '0000-00-00 00:00:00', '2022-12-02 15:06:55', 'user.png', NULL), (34, 'abdul', 'abdul', NULL, 'aubul@mail.com', 'อับดุล', 'จาบา', 0, '2022-07-25 17:37:32', '2022-09-25 16:35:21', '', 32), (35, 'user', '1234', '1234', 'dekd@gmail.com', 'dekdd', 'jungd', 0, '2022-07-25 17:37:36', '2022-12-02 15:05:05', 'users.png', 24), (36, 'Ppp112233', '112233', NULL, 'supattar112233@gmail.com', 'กันตะนา', 'วางใจ', 0, '2022-07-26 19:40:18', '2022-09-02 18:44:47', '', 25), (37, 'qwerty', 'qwerty', '1234', 'qwerty@mail.com', 'qwerty', 'qwerty', 0, '2022-08-03 10:29:25', '2022-09-23 11:04:47', '', 31), (38, 'jamesaeb123', 'ss75266174', '7526', 'Winnerzone7529@gmail.com', 'ณรงศักดิ์', 'เชื้อเมืองพาน', 0, '2022-08-04 11:55:47', '2022-08-11 19:13:34', '', 27), (39, 'หอม', 'zxcpond', NULL, 'Zxcpond@gmail.com', 'รุ่งณภา', 'มณีแจ่ม', 0, '2022-08-04 14:19:13', '2022-08-04 14:19:13', '', NULL), (40, 'Zxcpond123', 'zxcpond', '1234', 'Zxcpond@gmail.com', 'รุ่งณภา', 'มณีแจ่ม', 0, '2022-08-04 14:25:35', '2022-08-04 14:41:11', '', NULL), (41, 'kiwzaa16', 'Qiphone5s', '2535', 'wasaniphone5s@gmail.com', 'กัญญารัตน์', 'จันทร์ศรี', 0, '2022-08-06 20:56:27', '2022-08-23 12:10:10', '', NULL), (42, 'poypoyzi', '123456', NULL, 'winnerzone7528@gmail.com', 'วรัญญา', 'เอียมทองสุข', 0, '2022-08-06 21:23:43', '2022-08-30 21:00:22', '', NULL), (43, 'สมพร', '063600', NULL, 'thalangbanana92@gmail.com', 'นายสมพร', 'โชติช่วง', 0, '2022-08-06 21:56:32', '2022-08-06 21:56:32', '', NULL), (44, 'สมพร', '063600', NULL, 'thalangbanana92@gmail.com', 'นายสมพร', 'โชติช่วง', 0, '2022-08-06 21:57:38', '2022-08-06 22:07:10', '', 26), (45, 'จันทพร', '99988', NULL, '0967055087​', 'จันทพร', 'ประเสริฐ​', 0, '2022-08-10 19:12:59', '2022-08-10 19:12:59', '', NULL), (46, 'Dicky', '112233', NULL, 'Yatusna@gmail.com', 'Sobic', 'Dicky', 0, '2022-08-18 13:24:32', '2022-08-18 13:24:43', '', 28), (47, 'pp1000', '123456', NULL, '0967055087​', 'จันทพร', 'ประเสริฐ', 0, '2022-08-30 20:22:02', '2022-08-30 20:22:02', '', NULL), (48, 'pp1000', '123456', NULL, 'Zaappp@gmail.com', 'จันทพร', 'ประเสริฐ', 0, '2022-08-30 20:22:04', '2022-08-31 06:50:14', '', 29), (49, 'ppp1000', '123456', NULL, 'codgos123@gmail.com', 'จันทพร', 'ประเสริฐ', 0, '2022-08-30 21:01:34', '2022-10-10 17:52:19', '', NULL), (50, 'sayijung', '0876167416sai', NULL, 'sayijung@gmail.com', 'ปลื้มจิต ', 'คนซื่่อ', 0, '2022-08-31 11:20:35', '2022-09-13 22:16:45', '', 30), (51, 'sashi123', '75266174', '7526', 'diss7721@gmail.com', 'ณรงศักดิ์', 'เชื้อเมืองพาน', 0, '2022-09-10 20:11:39', '2022-09-19 21:21:44', '', NULL), (52, 'usertest', '1234', NULL, 'usertest@mail.com', 'user', 'test', 0, '2022-12-02 14:01:15', '2022-12-02 14:01:39', '', 33);
-- --------------------------------------------------------
--
-- TABLE structure for TABLE `db_withdraw`
--

CREATE TABLE `db_withdraw` ( `withdraw_id` int (11) NOT NULL, `withdraw_owner` int (11) NOT NULL, `withdraw_value` int (11) NOT NULL, `withdraw_status` tinyint (1) NOT NULL, `withdraw_target` varchar (100) NOT NULL, `withdraw_time` datetime NOT NULL, `withdraw_wallet_id` varchar (15) NOT NULL ) ENGINE = InnoDB DEFAULT CHARSET = utf8;
--
-- Dumping data for TABLE `db_withdraw`
--
INSERT INTO `db_withdraw` (` withdraw_id`, `withdraw_owner `, `withdraw_value`, `withdraw_status`, `withdraw_target`, `withdraw_time`, `withdraw_wallet_id`) VALUES (40, 40, 42525, 1, 'ธนาคารกสิกรไทย', '2022-08-04 15:32:03', '8904563310'), (41, 41, 300000, 1, 'ธนาคารกรุงเทพ', '2022-08-06 21:19:35', '7578563521'), (42, 41, 50000, 1, 'ธนาคารกรุงเทพ', '2022-08-13 16:10:51', '7570056130');
--
-- Indexes for dumped tables
--
--
-- Indexes for TABLE `chat_message`
--

ALTER TABLE `chat_message` ADD PRIMARY KEY (`cm_id`);
--
-- Indexes for TABLE `chat_participants`
--

ALTER TABLE `chat_participants` ADD PRIMARY KEY (`cp_id`);
--
-- Indexes for TABLE `chat_room`
--

ALTER TABLE `chat_room` ADD PRIMARY KEY (`room_id`);
--
-- Indexes for TABLE `db_credit`
--

ALTER TABLE `db_credit` ADD PRIMARY KEY (`credit_id`);
--
-- Indexes for TABLE `db_credit_log`
--

ALTER TABLE `db_credit_log` ADD PRIMARY KEY (`credit_log_id`);
--
-- Indexes for TABLE `db_game_history`
--

ALTER TABLE `db_game_history` ADD PRIMARY KEY (`gamehis_id`);
--
-- Indexes for TABLE `db_game_lang`
--

ALTER TABLE `db_game_lang` ADD PRIMARY KEY (`lang_id`);
--
-- Indexes for TABLE `db_game_room`
--

ALTER TABLE `db_game_room` ADD PRIMARY KEY (`room_id`);
--
-- Indexes for TABLE `db_gennumber`
--

ALTER TABLE `db_gennumber` ADD PRIMARY KEY (`gameNumber_id`);
--
-- Indexes for TABLE `db_new`
--

ALTER TABLE `db_new` ADD PRIMARY KEY (`new_id`);
--
-- Indexes for TABLE `db_order`
--

ALTER TABLE `db_order` ADD PRIMARY KEY (`order_id`);
--
-- Indexes for TABLE `db_payment`
--

ALTER TABLE `db_payment` ADD PRIMARY KEY (`payment_id`);
--
-- Indexes for TABLE `db_payment_history`
--

ALTER TABLE `db_payment_history` ADD PRIMARY KEY (`payhistory_id`);
--
-- Indexes for TABLE `db_payment_method`
--

ALTER TABLE `db_payment_method` ADD PRIMARY KEY (`paymethod_id`);
--
-- Indexes for TABLE `db_problem`
--

ALTER TABLE `db_problem` ADD PRIMARY KEY (`prob_id`);
--
-- Indexes for TABLE `db_setting`
--

ALTER TABLE `db_setting` ADD PRIMARY KEY (`setting_id`);
--
-- Indexes for TABLE `db_user`
--

ALTER TABLE `db_user` ADD PRIMARY KEY (`user_id`);
--
-- Indexes for TABLE `db_withdraw`
--

ALTER TABLE `db_withdraw` ADD PRIMARY KEY (`withdraw_id`);
--
-- AUTO_INCREMENT for dumped tables
--
--
-- AUTO_INCREMENT for TABLE `chat_message`
--

ALTER TABLE `chat_message` MODIFY `cm_id` int (11) NOT NULL AUTO_INCREMENT, AUTO_INCREMENT = 71;
--
-- AUTO_INCREMENT for TABLE `chat_participants`
--

ALTER TABLE `chat_participants` MODIFY `cp_id` int (11) NOT NULL AUTO_INCREMENT, AUTO_INCREMENT = 38;
--
-- AUTO_INCREMENT for TABLE `chat_room`
--

ALTER TABLE `chat_room` MODIFY `room_id` int (11) NOT NULL AUTO_INCREMENT, AUTO_INCREMENT = 34;
--
-- AUTO_INCREMENT for TABLE `db_credit`
--

ALTER TABLE `db_credit` MODIFY `credit_id` int (11) NOT NULL AUTO_INCREMENT, AUTO_INCREMENT = 48;
--
-- AUTO_INCREMENT for TABLE `db_credit_log`
--

ALTER TABLE `db_credit_log` MODIFY `credit_log_id` int (11) NOT NULL AUTO_INCREMENT;
--
-- AUTO_INCREMENT for TABLE `db_game_history`
--

ALTER TABLE `db_game_history` MODIFY `gamehis_id` int (11) NOT NULL AUTO_INCREMENT, AUTO_INCREMENT = 819;
--
-- AUTO_INCREMENT for TABLE `db_game_lang`
--

ALTER TABLE `db_game_lang` MODIFY `lang_id` int (11) NOT NULL AUTO_INCREMENT, AUTO_INCREMENT = 16;
--
-- AUTO_INCREMENT for TABLE `db_game_room`
--

ALTER TABLE `db_game_room` MODIFY `room_id` int (11) NOT NULL AUTO_INCREMENT, AUTO_INCREMENT = 30;
--
-- AUTO_INCREMENT for TABLE `db_gennumber`
--

ALTER TABLE `db_gennumber` MODIFY `gameNumber_id` int (11) NOT NULL AUTO_INCREMENT, AUTO_INCREMENT = 6999;
--
-- AUTO_INCREMENT for TABLE `db_new`
--

ALTER TABLE `db_new` MODIFY `new_id` int (11) NOT NULL AUTO_INCREMENT, AUTO_INCREMENT = 16;
--
-- AUTO_INCREMENT for TABLE `db_order`
--

ALTER TABLE `db_order` MODIFY `order_id` int (11) NOT NULL AUTO_INCREMENT, AUTO_INCREMENT = 277;
--
-- AUTO_INCREMENT for TABLE `db_payment`
--

ALTER TABLE `db_payment` MODIFY `payment_id` int (11) NOT NULL AUTO_INCREMENT, AUTO_INCREMENT = 44;
--
-- AUTO_INCREMENT for TABLE `db_payment_history`
--

ALTER TABLE `db_payment_history` MODIFY `payhistory_id` int (11) NOT NULL AUTO_INCREMENT, AUTO_INCREMENT = 326;
--
-- AUTO_INCREMENT for TABLE `db_payment_method`
--

ALTER TABLE `db_payment_method` MODIFY `paymethod_id` int (11) NOT NULL AUTO_INCREMENT, AUTO_INCREMENT = 9;
--
-- AUTO_INCREMENT for TABLE `db_problem`
--

ALTER TABLE `db_problem` MODIFY `prob_id` int (11) NOT NULL AUTO_INCREMENT, AUTO_INCREMENT = 19;
--
-- AUTO_INCREMENT for TABLE `db_setting`
--

ALTER TABLE `db_setting` MODIFY `setting_id` int (11) NOT NULL AUTO_INCREMENT, AUTO_INCREMENT = 3;
--
-- AUTO_INCREMENT for TABLE `db_user`
--

ALTER TABLE `db_user` MODIFY `user_id` int (11) NOT NULL AUTO_INCREMENT, AUTO_INCREMENT = 53;
--
-- AUTO_INCREMENT for TABLE `db_withdraw`
--

ALTER TABLE `db_withdraw` MODIFY `withdraw_id` int (11) NOT NULL AUTO_INCREMENT, AUTO_INCREMENT = 43; COMMIT; /*!40101

SET CHARACTER_SET_CLIENT = @OLD_CHARACTER_SET_CLIENT */; /*!40101
SET CHARACTER_SET_RESULTS = @OLD_CHARACTER_SET_RESULTS */; /*!40101
SET COLLATION_CONNECTION = @OLD_COLLATION_CONNECTION */;